subject;;;;;;;;;;;;;;;;;;;;;;;;;;;;;;;;;;;;;;;;;;;;;;;;;;;;;;;;;;
female;   ;;;;;;;;;;;;;;;;;;;;;;;;;;;;;;;;;;;;;;;;;;;;;;;;;;;;;;;;;
alter;Age;;;;;;;;;;;;;;;;;;;;;;;;;;;;;;;;;;;;;;;;;;;;;;;;;;;;;;;;;
stem;enrolled in STEM field;;;;;;;;;;;;;;;;;;;;;;;;;;;;;;;;;;;;;;;;;;;;;;;;;;;;;;;;;
semester;# of semester studied;;;;;;;;;;;;;;;;;;;;;;;;;;;;;;;;;;;;;;;;;;;;;;;;;;;;;;;;;
session;# of session;;;;;;;;;;;;;;;;;;;;;;;;;;;;;;;;;;;;;;;;;;;;;;;;;;;;;;;;;
group;Group;;;;;;;;;;;;;;;;;;;;;;;;;;;;;;;;;;;;;;;;;;;;;;;;;;;;;;;;;
profit;Profit;;;;;;;;;;;;;;;;;;;;;;;;;;;;;;;;;;;;;;;;;;;;;;;;;;;;;;;;;
totalprofit;TotalProfit;;;;;;;;;;;;;;;;;;;;;;;;;;;;;;;;;;;;;;;;;;;;;;;;;;;;;;;;;
payoff;payoff after cost and reduction;;;;;;;;;;;;;;;;;;;;;;;;;;;;;;;;;;;;;;;;;;;;;;;;;;;;;;;;;
encoded;Encoded;;;;;;;;;;;;;;;;;;;;;;;;;;;;;;;;;;;;;;;;;;;;;;;;;;;;;;;;;
rank;performance ranking within group;;;;;;;;;;;;;;;;;;;;;;;;;;;;;;;;;;;;;;;;;;;;;;;;;;;;;;;;;
s1;reduction rank 1;;;;;;;;;;;;;;;;;;;;;;;;;;;;;;;;;;;;;;;;;;;;;;;;;;;;;;;;;
s2;reduction rank 2;;;;;;;;;;;;;;;;;;;;;;;;;;;;;;;;;;;;;;;;;;;;;;;;;;;;;;;;;
s3;reduction rank 3;;;;;;;;;;;;;;;;;;;;;;;;;;;;;;;;;;;;;;;;;;;;;;;;;;;;;;;;;
s4;reduction rank 4;;;;;;;;;;;;;;;;;;;;;;;;;;;;;;;;;;;;;;;;;;;;;;;;;;;;;;;;;
b1;B[1];;;;;;;;;;;;;;;;;;;;;;;;;;;;;;;;;;;;;;;;;;;;;;;;;;;;;;;;;
b2;B[2];;;;;;;;;;;;;;;;;;;;;;;;;;;;;;;;;;;;;;;;;;;;;;;;;;;;;;;;;
b3;B[3];;;;;;;;;;;;;;;;;;;;;;;;;;;;;;;;;;;;;;;;;;;;;;;;;;;;;;;;;
b4;B[4];;;;;;;;;;;;;;;;;;;;;;;;;;;;;;;;;;;;;;;;;;;;;;;;;;;;;;;;;
cheat;   ;;;;;;;;;;;;;;;;;;;;;;;;;;;;;;;;;;;;;;;;;;;;;;;;;;;;;;;;;
satisfaction1;satisfied w/ performance ex-ante;;;;;;;;;;;;;;;;;;;;;;;;;;;;;;;;;;;;;;;;;;;;;;;;;;;;;;;;;
payoff_performance;payoff w/o bonus;;;;;;;;;;;;;;;;;;;;;;;;;;;;;;;;;;;;;;;;;;;;;;;;;;;;;;;;;
total_payoff;payoff including bonus;;;;;;;;;;;;;;;;;;;;;;;;;;;;;;;;;;;;;;;;;;;;;;;;;;;;;;;;;
satisfaction2;satisfied w/ performance ex-post;;;;;;;;;;;;;;;;;;;;;;;;;;;;;;;;;;;;;;;;;;;;;;;;;;;;;;;;;
beliefcheat;belief about others cheating;;;;;;;;;;;;;;;;;;;;;;;;;;;;;;;;;;;;;;;;;;;;;;;;;;;;;;;;;
irritation;emotion 1;;;;;;;;;;;;;;;;;;;;;;;;;;;;;;;;;;;;;;;;;;;;;;;;;;;;;;;;;
surprise;emotion 2;;;;;;;;;;;;;;;;;;;;;;;;;;;;;;;;;;;;;;;;;;;;;;;;;;;;;;;;;
contempt;emotion 3;;;;;;;;;;;;;;;;;;;;;;;;;;;;;;;;;;;;;;;;;;;;;;;;;;;;;;;;;
anger;emotion 4;;;;;;;;;;;;;;;;;;;;;;;;;;;;;;;;;;;;;;;;;;;;;;;;;;;;;;;;;
envy;emotion 5;;;;;;;;;;;;;;;;;;;;;;;;;;;;;;;;;;;;;;;;;;;;;;;;;;;;;;;;;
happy;emotion 6;;;;;;;;;;;;;;;;;;;;;;;;;;;;;;;;;;;;;;;;;;;;;;;;;;;;;;;;;
jealousy;emotion 7;;;;;;;;;;;;;;;;;;;;;;;;;;;;;;;;;;;;;;;;;;;;;;;;;;;;;;;;;
sadness;emotion 8;;;;;;;;;;;;;;;;;;;;;;;;;;;;;;;;;;;;;;;;;;;;;;;;;;;;;;;;;
joy;emotion 9;;;;;;;;;;;;;;;;;;;;;;;;;;;;;;;;;;;;;;;;;;;;;;;;;;;;;;;;;
shame;emotion 10;;;;;;;;;;;;;;;;;;;;;;;;;;;;;;;;;;;;;;;;;;;;;;;;;;;;;;;;;
fear;emotion 11;;;;;;;;;;;;;;;;;;;;;;;;;;;;;;;;;;;;;;;;;;;;;;;;;;;;;;;;;
implemented_reduction;   ;;;;;;;;;;;;;;;;;;;;;;;;;;;;;;;;;;;;;;;;;;;;;;;;;;;;;;;;;
riskpref;   ;;;;;;;;;;;;;;;;;;;;;;;;;;;;;;;;;;;;;;;;;;;;;;;;;;;;;;;;;
treatment;   ;;;;;;;;;;;;;;;;;;;;;;;;;;;;;;;;;;;;;;;;;;;;;;;;;;;;;;;;;
pid;unique subject id;;;;;;;;;;;;;;;;;;;;;;;;;;;;;;;;;;;;;;;;;;;;;;;;;;;;;;;;;
gid;unique group id;;;;;;;;;;;;;;;;;;;;;;;;;;;;;;;;;;;;;;;;;;;;;;;;;;;;;;;;;
reduction;subject reduced at least once;;;;;;;;;;;;;;;;;;;;;;;;;;;;;;;;;;;;;;;;;;;;;;;;;;;;;;;;;
payoff_pure_performance;   ;;;;;;;;;;;;;;;;;;;;;;;;;;;;;;;;;;;;;;;;;;;;;;;;;;;;;;;;;
net_total_payoff;payoff including bonus minus cheat cost;;;;;;;;;;;;;;;;;;;;;;;;;;;;;;;;;;;;;;;;;;;;;;;;;;;;;;;;;
rank_enc;rank pure performance -- before cheat;;;;;;;;;;;;;;;;;;;;;;;;;;;;;;;;;;;;;;;;;;;;;;;;;;;;;;;;;
sum_reduc;sum of reductions;;;;;;;;;;;;;;;;;;;;;;;;;;;;;;;;;;;;;;;;;;;;;;;;;;;;;;;;;
sumbelief;belief total avg reduction;;;;;;;;;;;;;;;;;;;;;;;;;;;;;;;;;;;;;;;;;;;;;;;;;;;;;;;;;
satischange;change satisfaction before/after rel. Feedback;;;;;;;;;;;;;;;;;;;;;;;;;;;;;;;;;;;;;;;;;;;;;;;;;;;;;;;;;
t1;treatment==No Bonus;;;;;;;;;;;;;;;;;;;;;;;;;;;;;;;;;;;;;;;;;;;;;;;;;;;;;;;;;
t2;treatment==Bonus;;;;;;;;;;;;;;;;;;;;;;;;;;;;;;;;;;;;;;;;;;;;;;;;;;;;;;;;;
t3;treatment==Bonus & Cheating;;;;;;;;;;;;;;;;;;;;;;;;;;;;;;;;;;;;;;;;;;;;;;;;;;;;;;;;;
t4;treatment==B&C add;;;;;;;;;;;;;;;;;;;;;;;;;;;;;;;;;;;;;;;;;;;;;;;;;;;;;;;;;
r1;rank 1;;;;;;;;;;;;;;;;;;;;;;;;;;;;;;;;;;;;;;;;;;;;;;;;;;;;;;;;;
r2;rank 2;;;;;;;;;;;;;;;;;;;;;;;;;;;;;;;;;;;;;;;;;;;;;;;;;;;;;;;;;
r3;rank 3;;;;;;;;;;;;;;;;;;;;;;;;;;;;;;;;;;;;;;;;;;;;;;;;;;;;;;;;;
r4;rank 4;;;;;;;;;;;;;;;;;;;;;;;;;;;;;;;;;;;;;;;;;;;;;;;;;;;;;;;;;
gini_encoded;within-group gini based on encoded words;;;;;;;;;;;;;;;;;;;;;;;;;;;;;;;;;;;;;;;;;;;;;;;;;;;;;;;;;
gini_pay;within-group gini based on profits;;;;;;;;;;;;;;;;;;;;;;;;;;;;;;;;;;;;;;;;;;;;;;;;;;;;;;;;;
;;;;;;;;;;;;;;;;;;;;;;;;;;;;;;;;;;;;;;;;;;;;;;;;;;;;;;;;;;
;;;;;;;;;;;;;;;;;;;;;;;;;;;;;;;;;;;;;;;;;;;;;;;;;;;;;;;;;;
;;;;;;;;;;;;;;;;;;;;;;;;;;;;;;;;;;;;;;;;;;;;;;;;;;;;;;;;;;
subject;female;alter;stem;semester;session;group;profit;totalprofit;payoff;encoded;rank;s1;s2;s3;s4;b1;b2;b3;b4;cheat;satisfaction1;payoff_performance;total_payoff;satisfaction2;beliefcheat;irritation;surprise;contempt;anger;envy;happy;jealousy;sadness;joy;shame;fear;implemented_reduction;riskpref;treatment;pid;gid;reduction;payoff_pure_performance;net_total_payoff;rank_enc;sum_reduc;sumbelief;satischange;t1;t2;t3;t4;r1;r2;r3;r4;gini_encoded;gini_pay
1;1;21;1;4;1;1;12;12;9.68;74;4;0;0;0;0;0;0;0;0;;3;10.18;10.18;3;;0;2;0;0;1;0;0;0;1;0;0;0;;No Bonus;1;1;0;10.18;;4;0;0;0;1;0;0;0;0;0;0;1;0.1207034;0.0716269
14;1;22;1;6;1;1;13.5;13.5;12.35;105;3;0;0;0;0;1;1;0;0;;4;12.35;12.35;3;;1;1;0;0;4;2;0;1;3;0;0;0;;No Bonus;14;1;0;12.35;;3;0;2;1;1;0;0;0;0;0;1;0;0.1207034;0.0716269
17;0;26;1;14;1;1;13.5;13.5;13.26;118;2;0;0;0;0;6;6;5;2;;5;13.26;13.26;5;;0;5;0;0;0;1;0;0;3;0;0;0;;No Bonus;17;1;0;13.26;;2;0;19;0;1;0;0;0;0;1;0;0;0.1207034;0.0716269
5;1;20;0;4;1;1;14;14;13.4;120;1;0;0;0;0;3;2;2;0;;5;13.4;13.4;5;;0;6;0;0;0;0;0;0;3;0;0;0;;No Bonus;5;1;0;13.4;;1;0;7;0;1;0;0;0;1;0;0;0;0.1207034;0.0716269
10;0;24;1;4;1;2;10.5;10.5;10.18;74;4;0;0;0;0;1;1;1;1;;3;10.18;10.18;3;;3;4;0;2;1;2;3;5;0;2;0;0;;No Bonus;10;2;0;10.18;;4;0;4;0;1;0;0;0;0;0;0;1;0.0904255;0.0513817
15;0;25;1;8;1;2;12.5;12.5;11.79;97;3;0;0;0;0;2;1;1;0;;4;11.79;11.79;4;;0;3;0;0;1;1;1;1;2;1;0;0;;No Bonus;15;2;0;11.79;;3;0;4;0;1;0;0;0;0;0;1;0;0.0904255;0.0513817
11;0;22;0;6;1;2;14;14;11.79;97;2;0;0;0;0;0;0;0;0;;6;11.79;11.79;6;;0;4;0;0;0;0;0;1;5;0;0;0;;No Bonus;11;2;0;11.79;;2;0;0;0;1;0;0;0;0;1;0;0;0.0904255;0.0513817
8;0;24;0;4;1;2;14;14;12.06;108;1;0;0;0;0;1;0;0;0;;4;12.56;12.56;4;;1;5;1;0;0;3;0;3;4;1;0;0;;No Bonus;8;2;0;12.56;;1;0;1;0;1;0;0;0;1;0;0;0;0.0904255;0.0513817
6;1;22;0;5;1;3;10;10;9.55;65;4;1.5;1;1;0;1.25;1;1;1;;4;9.55;9.55;3;;3;5;0;0;0;4;1;0;3;4;0;0;;No Bonus;6;3;1;9.55;;4;3.5;4.25;1;1;0;0;0;0;0;0;1;0.0662252;0.0340301
18;0;25;1;8;1;3;11.5;11.5;10.32;76;2;0;0;0;0;1;1;1;1;;5;10.32;10.32;5;;0;3;0;0;1;2;0;1;2;0;0;0;;No Bonus;18;3;0;10.32;;2;0;4;0;1;0;0;0;0;1;0;0;0.0662252;0.0340301
9;1;27;1;6;1;3;11.5;11.5;10.32;76;3;0;0;0;0;0;0;0;0;;5;10.32;10.32;5;;0;2;0;0;0;2;0;0;0;0;0;0;;No Bonus;9;3;0;10.32;;3;0;0;0;1;0;0;0;0;0;1;0;0.0662252;0.0340301
19;1;25;1;8;1;3;12;12;10.45;85;1;0;0;0;0;1;1;1;1;;4;10.95;10.95;5;;0;6;0;0;0;6;0;0;5;0;0;0;;No Bonus;19;3;0;10.95;;1;0;4;-1;1;0;0;0;1;0;0;0;0.0662252;0.0340301
16;1;21;0;6;1;4;12;12;10.25;75;4;0;0;0;0;0;0;0;0;;3;10.25;10.25;1;;6;3;0;5;6;0;5;5;0;5;0;0;;No Bonus;16;4;0;10.25;;4;0;0;2;1;0;0;0;0;0;0;1;0.0894789;0.0485556
20;1;25;0;2;1;4;11;11;10.53;79;3;2.35;0.6;0;0.25;4;3;3;3;;4;10.53;10.53;6;;0;3;3;0;0;3;0;1;3;0;0;0;;No Bonus;20;4;1;10.53;;3;3.2;13;-2;1;0;0;0;0;0;1;0;0.0894789;0.0485556
2;1;26;1;6;1;4;12.5;12.5;10.6;80;2;0;0;0;0;0;0;0;0;;3;10.6;10.6;5;;0;4;0;0;0;4;0;0;4;0;0;0;;No Bonus;2;4;0;10.6;;2;0;0;-2;1;0;0;0;0;1;0;0;0.0894789;0.0485556
4;0;23;0;10;1;4;13.5;13.5;11.85;105;1;0;0;0;0;2;0;0;0;;4;12.35;12.35;6;;0;5;1;0;0;4;0;0;5;0;4;0;;No Bonus;4;4;0;12.35;;1;0;2;-2;1;0;0;0;1;0;0;0;0.0894789;0.0485556
12;1;28;1;2;1;5;12;12;11.58;94;4;0;1;0;0;1;1;1;1;;4;11.58;11.58;3;;1;2;0;1;3;0;2;4;2;6;6;0;;No Bonus;12;5;1;11.58;;4;1;4;1;1;0;0;0;0;0;0;1;0.047619;0.02795
13;1;24;1;4;1;5;13.5;13.5;11.93;99;3;0;0;0;0;0;0;0;0;;5;11.93;11.93;4;;0;3;0;0;0;6;0;0;5;0;0;0;;No Bonus;13;5;0;11.93;;3;0;0;1;1;0;0;0;0;0;1;0;0.047619;0.02795
7;0;28;0;1;1;5;14;14;12;100;2;0;0;0;0;0;0;0;0;;4;12;12;4;;0;2;0;0;3;2;0;0;2;0;0;0;;No Bonus;7;5;0;12;;2;0;0;0;1;0;0;0;0;1;0;0;0.047619;0.02795
3;0;26;1;13;1;5;14;14;12.41;113;1;0;0;0;0;0;0;0;0;;5;12.91;12.91;6;;0;2;0;0;0;4;0;0;4;0;0;0;;No Bonus;3;5;0;12.91;;1;0;0;-1;1;0;0;0;1;0;0;0;0.047619;0.02795
10;0;27;1;12;2;1;12.5;12.5;10.46;78;4;0;0;0;0;0;0;0;0;;4;10.46;10.46;2;;6;4;0;0;0;2;0;4;2;1;0;0;;No Bonus;34;7;0;10.46;;4;0;0;2;1;0;0;0;0;0;0;1;0.1;0.0557522
15;0;25;1;13;2;1;12.5;12.5;10.88;84;3;0;0;0;0;2;0;0;0;;6;10.88;10.88;4;;1;5;0;0;1;1;0;2;1;1;0;0;;No Bonus;39;7;0;10.88;;3;0;2;2;1;0;0;0;0;0;1;0;0.1;0.0557522
7;0;23;0;4;2;1;13;13;10.88;84;2;0;0;0;0;0;0;0;0;;5;10.88;10.88;5;;1;1;1;1;0;5;1;0;5;0;2;0;;No Bonus;31;7;0;10.88;;2;0;0;0;1;0;0;0;0;1;0;0;0.1;0.0557522
20;0;22;1;6;2;1;14;14;12.48;114;1;0;0;0;0;2;0;0;0;;5;12.98;12.98;5;;1;2;1;2;1;6;2;1;6;3;5;0;;No Bonus;44;7;0;12.98;;1;0;2;0;1;0;0;0;1;0;0;0;0.1;0.0557522
6;1;25;1;1;2;2;9.5;9.5;9.33;69;4;2;2;1;0;2;2;1;1;;4;9.83;9.83;4;;0;1;6;0;0;4;0;1;3;5;4;0;;No Bonus;30;8;1;9.83;;4;5;6;0;1;0;0;0;0;0;0;1;0.0989433;0.0542636
8;0;20;1;3;2;2;10;10;9.81;83;3;5.12;5.25;0;4.52;5;5;5;4.9;;5;10.81;10.81;2;;0;4;1;0;4;2;5;1;4;0;0;1;;No Bonus;32;8;1;10.81;;3;14.89;19.9;3;1;0;0;0;0;0;1;0;0.0989433;0.0542636
17;1;29;0;0;2;2;10;10;9.72;96;2;0;0;0;0;0;0;0;0;;5;11.72;11.72;5;;1;2;0;0;0;4;0;1;5;1;0;2;;No Bonus;41;8;0;11.72;;2;0;0;0;1;0;0;0;0;1;0;0;0.0989433;0.0542636
19;0;24;1;1;2;2;11;11;9.93;99;1;0;0;0;0;2;2;1;0;;6;11.93;11.93;6;;0;1;1;0;0;2;0;0;2;0;0;2;;No Bonus;43;8;0;11.93;;1;0;5;0;1;0;0;0;1;0;0;0;0.0989433;0.0542636
13;1;22;1;7;2;3;13;13;10.95;85;4;0;0;0;0;0;0;0;0;;5;10.95;10.95;4;;0;5;0;0;3;0;0;2;0;2;0;0;;No Bonus;37;9;0;10.95;;4;0;0;1;1;0;0;0;0;0;0;1;0.0896785;0.0519826
3;0;21;1;4;2;3;13;13;10.52;86;3;0;0;0;0;0;0;0;0;;6;11.02;11.02;6;;0;0;0;0;0;0;0;0;0;0;0;0;;No Bonus;27;9;0;11.02;;3;0;0;0;1;0;0;0;0;0;1;0;0.0896785;0.0519826
9;1;25;0;2;2;3;13.5;13.5;12.77;111;2;0;0;0;0;2;2;1;0;;5;12.77;12.77;6;;0;4;0;0;0;4;0;0;4;0;0;0;;No Bonus;33;9;0;12.77;;2;0;5;-1;1;0;0;0;0;1;0;0;0.0896785;0.0519826
1;0;20;1;2;2;3;15;15;12.84;112;1;0;0;0;0;0;0;0;0;;5;12.84;12.84;5;;2;1;6;0;0;0;0;0;2;0;0;0;;No Bonus;25;9;0;12.84;;1;0;0;0;1;0;0;0;1;0;0;0;0.0896785;0.0519826
11;0;20;1;2;2;4;8.5;8.5;8.32;76;4;0;0;0;0;1;0;0;0;;5;10.32;10.32;3;;3;6;0;1;4;1;1;0;0;3;0;2;;No Bonus;35;10;0;10.32;;4;0;1;2;1;0;0;0;0;0;0;1;0.0981481;0.0547197
16;1;24;0;8;2;4;9;9;8.88;84;3;2;1;0;0;4;2;2;2;;3;10.88;10.88;1;;3;7;0;0;0;0;0;0;0;0;0;2;;No Bonus;40;10;1;10.88;;3;3;10;2;1;0;0;0;0;0;1;0;0.0981481;0.0547197
14;0;20;0;2;2;4;11;11;10.87;91;2;4;0;2;2;4;2;2;2;;3;11.37;11.37;3;;1;3;0;0;0;4;0;0;4;0;0;0;;No Bonus;38;10;1;11.37;;2;8;10;0;1;0;0;0;0;1;0;0;0.0981481;0.0547197
2;0;24;1;8;2;4;9.5;9.5;8.63;109;1;0;0;0;0;3;1;0;0;;4;12.63;12.63;6;;1;6;2;1;0;5;1;0;4;3;4;4;;No Bonus;26;10;0;12.63;;1;0;4;-2;1;0;0;0;1;0;0;0;0.0981481;0.0547197
4;0;26;1;10;2;5;10.5;10.5;10.25;75;4;0;0;0;0;3;3;3;3;;1;10.25;10.25;1;;5;6;5;5;5;2;1;5;2;6;6;0;;No Bonus;28;11;0;10.25;;4;0;12;0;1;0;0;0;0;0;0;1;0.1292517;0.0747611
18;1;21;1;4;2;5;12.5;12.5;10.59;87;3;0;0;0;0;1;0;0;0;;4;11.09;11.09;3;;4;3;0;0;0;0;0;3;1;3;0;0;;No Bonus;42;11;0;11.09;;3;0;1;1;1;0;0;0;0;0;1;0;0.1292517;0.0747611
5;0;22;1;8;2;5;15;15;12.91;113;2;0;0;0;0;0;0;0;0;;6;12.91;12.91;6;;0;0;0;0;0;0;0;0;0;0;0;0;;No Bonus;29;11;0;12.91;;2;0;0;0;1;0;0;0;0;1;0;0;0.1292517;0.0747611
12;1;21;1;4;2;5;13.5;13.5;13.19;117;1;0;0;0;0;6;6;5;5;;5;13.19;13.19;5;;0;5;0;0;0;4;0;0;5;0;0;0;;No Bonus;36;11;0;13.19;;1;0;22;0;1;0;0;0;1;0;0;0;0.1292517;0.0747611
18;1;26;0;2;3;1;12;12;11.86;98;4;0;0;0;0;5;5;5;5;;5;11.86;11.86;5;;0;3;0;0;2;3;0;0;0;0;0;0;;Bonus;66;13;0;11.86;;4;0;20;0;0;1;0;0;0;0;0;1;0.0291262;0.1555243
13;0;25;1;2;3;1;12.5;12.5;11.5;100;3;0.56;0;0;0;4;2;2;1;;4;12;12;3;;2;4;0;0;3;0;0;2;2;0;0;0;;Bonus;61;13;1;12;;3;0.56;9;1;0;1;0;0;0;0;1;0;0.0291262;0.1555243
14;1;25;1;4;3;1;12.5;12.5;12.42;106;2;8;0;3;1;6;2;1;1;;6;12.42;12.42;5;;5;4;5;3;3;2;4;5;2;1;1;0;;Bonus;62;13;1;12.42;;2;12;10;1;0;1;0;0;0;1;0;0;0.0291262;0.1555243
19;1;22;1;6;3;1;21;21;20;108;1;0;0;0;0;5;0;0;0;;5;12.56;20.56;7;;0;5;0;0;0;6;0;0;6;0;0;0.56;;Bonus;67;13;0;12.56;;1;0;5;-2;0;1;0;0;1;0;0;0;0.0291262;0.1555243
16;0;21;1;4;3;2;10.5;10.5;9.18;74;4;0;0;0;0;2;1;1;0;;5;10.18;10.18;2;;5;4;2;0;5;2;5;5;1;5;0;1;;Bonus;64;14;0;10.18;;4;0;4;3;0;1;0;0;0;0;0;1;0.1340034;0.2100489
6;0;18;1;2;3;2;11.5;11.5;10.86;98;3;0;0;0;0;10;2;2;1;;5;11.86;11.86;5;;1;4;0;1;0;4;5;0;4;1;0;1;;Bonus;54;14;0;11.86;;3;0;15;0;0;1;0;0;0;0;1;0;0.1340034;0.2100489
9;1;25;1;5;3;2;11.5;11.5;11.43;99;2;2;0;1;1;10;5;5;5;;7;11.93;11.93;7;;0;0;0;0;3;3;0;0;4;0;0;0;;Bonus;57;14;1;11.93;;2;4;25;0;0;1;0;0;0;1;0;0;0.1340034;0.2100489
4;0;24;1;8;3;2;20.5;20.5;19.89;127;1;0;0;0;0;5;0;0;0;;6;13.89;21.89;6;;0;5;0;0;0;4;0;0;5;0;0;2;;Bonus;52;14;0;13.89;;1;0;5;0;0;1;0;0;1;0;0;0;0.1340034;0.2100489
5;0;21;0;4;3;3;9.5;9.5;9.41;63;4;9;0;0;0;6;0;0;0;;1;9.41;9.41;1;;4;1;0;0;5;0;3;5;0;5;0;0;;Bonus;53;15;1;9.41;;4;9;6;0;0;1;0;0;0;0;0;1;0.1083333;0.2068782
10;1;26;0;2;3;3;10.5;10.5;10.03;79;3;0;0;0;0;0;0;0;0;;4;10.53;10.53;3;;0;4;0;0;0;3;0;0;4;0;0;0;;Bonus;58;15;0;10.53;;3;0;0;1;0;1;0;0;0;0;1;0;0.1083333;0.2068782
8;0;25;1;4;3;3;11.5;11.5;10.67;81;2;0;0;0;0;4;3;3;3;;4;10.67;10.67;4;;0;4;0;0;0;3;0;1;2;0;0;0;;Bonus;56;15;0;10.67;;2;0;13;0;0;1;0;0;0;1;0;0;0.1083333;0.2068782
15;0;28;0;4;3;3;20;20;19.79;97;1;0;5;5;4;9;5;5;4;;6;11.79;19.79;7;;0;4;0;0;0;4;0;0;6;0;0;0;;Bonus;63;15;1;11.79;;1;14;23;-1;0;1;0;0;1;0;0;0;0.1083333;0.2068782
20;0;36;0;2;3;4;9.5;9.5;9.41;63;4;10;5;5;0;7;4;4;3;;5;9.41;9.41;3;;3;2;0;0;1;4;6;0;5;2;0;0;;Bonus;68;16;1;9.41;;4;20;18;2;0;1;0;0;0;0;0;1;0.1621129;0.2266566
3;0;27;1;4;3;4;12;12;11.02;86;3;0;0;0;0;10;0;0;0;;3;11.02;11.02;3;;2;2;4;4;6;4;5;6;1;2;2;0;;Bonus;51;16;0;11.02;;3;0;10;0;0;1;0;0;0;0;1;0;0.1621129;0.2266566
1;0;24;0;6;3;4;12.5;12.5;11.93;99;2;0;0;0;0;0;0;0;0;;5;11.93;11.93;5;;0;1;0;0;1;1;0;1;2;0;0;0;;Bonus;49;16;0;11.93;;2;0;0;0;0;1;0;0;0;1;0;0;0.1621129;0.2266566
2;0;19;1;4;3;4;21.5;21.5;20.76;118;1;0;0;0;0;5;0;0;0;;5;13.26;21.26;7;;0;4;0;0;0;6;0;0;6;2;3;0;;Bonus;50;16;0;13.26;;1;0;5;-2;0;1;0;0;1;0;0;0;0.1621129;0.2266566
17;1;21;1;3;3;5;11;11;10.81;83;4;10;0;0;0;10;0;0;0;;4;10.81;10.81;3;;4;0;1;1;5;1;3;0;0;1;0;0;;Bonus;65;17;1;10.81;;4;10;10;1;0;1;0;0;0;0;0;1;0.1513688;0.2173862
12;1;26;0;4;3;5;11.5;11.5;11.23;89;3;3;2;0;2;3;2;3;2;;3;11.23;11.23;2;;0;4;0;0;2;0;0;0;0;0;0;0;;Bonus;60;17;1;11.23;;3;7;10;1;0;1;0;0;0;0;1;0;0.1513688;0.2173862
7;0;23;1;8;3;5;11.5;11.5;11.5;100;2;0;0;0;0;0;0;0;0;;5;12;12;4;;2;5;0;0;1;4;0;1;4;2;0;0;;Bonus;55;17;0;12;;2;0;0;1;0;1;0;0;0;1;0;0;0.1513688;0.2173862
11;0;27;1;1;3;5;23;23;22.94;142;1;0;6;5;5;9;4;4;5;;6;14.94;22.94;6;;1;1;1;2;1;6;1;1;6;3;2;0;;Bonus;59;17;1;14.94;;1;16;22;0;0;1;0;0;1;0;0;0;0.1513688;0.2173862
21;1;27;0;8;4;1;8.5;8.5;8.47;71;4;10;5;5;0;10;5;5;4;1;6;9.97;9.97;5;0.666667;1;0;0;0;1;1;0;0;1;4;0;0;;Bonus & Cheating;93;19;1;9.97;8.47;4;20;24;1;0;0;1;0;0;0;0;1;0.0797546;0.1955985
4;0;26;1;6;4;1;10.5;10.5;9.66;73;3;0;0;0;0;0;0;0;0;1;7;11.16;11.16;7;1;0;3;0;0;0;4;0;0;3;0;0;0;;Bonus & Cheating;76;19;0;10.11;9.66;3;0;0;0;0;0;1;0;0;0;1;0;0.0797546;0.1955985
15;1;26;0;1;4;1;11;11;10.87;91;2;0;0;0;0;6;3;2;1;0;1;11.37;11.37;3;0.333333;4;6;0;0;3;0;0;0;0;0;0;0;;Bonus & Cheating;87;19;0;11.37;11.37;1;0;12;-2;0;0;1;0;0;1;0;0;0.0797546;0.1955985
5;1;24;0;2;4;1;19.5;19.5;18.71;91;1;0;0;0;0;0;0;0;0;1;7;12.21;20.21;7;1;0;6;0;0;0;6;0;0;6;0;0;0;;Bonus & Cheating;77;19;0;11.37;18.71;2;0;0;0;0;0;1;0;1;0;0;0;0.0797546;0.1955985
16;1;20;1;2;4;2;12;12;10.01;79;4;0;0;0;0;0;0;0;0;1;5;11.51;11.51;5;1;1;2;0;0;1;0;0;3;0;1;0;0;;Bonus & Cheating;88;20;0;10.53;10.01;4;0;0;0;0;0;1;0;0;0;0;1;0.0915556;0.1651769
11;0;30;0;6;4;2;10.5;10.5;10.21;90;3;0;0;0;0;4;2;2;2;1;5;12.21;12.21;5;0.666667;5;6;2;1;1;1;1;3;1;0;0;0;;Bonus & Cheating;83;20;0;11.3;10.71;3;0;10;0;0;0;1;0;0;0;1;0;0.0915556;0.1651769
17;0;24;1;6;4;2;11.5;11.5;10.99;94;2;10;0;0;0;7;1;1;0;1;4;12.49;12.49;5;1;1;4;0;1;5;4;6;0;5;0;0;0;;Bonus & Cheating;89;20;1;11.58;10.99;2;10;9;-1;0;0;1;0;0;1;0;0;0.0915556;0.1651769
20;1;30;1;11;4;2;22.5;22.5;20.84;112;1;0;0;0;0;4;0;0;0;0;3;12.84;20.84;3;0.333333;0;7;0;0;0;6;0;0;6;1;3;0;;Bonus & Cheating;92;20;0;12.84;20.84;1;0;4;0;0;0;1;0;1;0;0;0;0.0915556;0.1651769
7;0;20;1;2;4;3;11.5;11.5;9.97;71;4;0;0;0;0;0;0;0;0;0;5;9.97;9.97;5;0.666667;2;5;0;0;2;0;0;0;0;1;0;0;;Bonus & Cheating;79;21;0;9.97;9.97;4;0;0;0;0;0;1;0;0;0;0;1;0.0795569;0.2064772
10;1;27;0;10;4;3;10.5;10.5;10.18;74;3;0;0;0;0;10;3;2;1;0;4;10.18;10.18;4;0.666667;1;2;0;0;1;0;0;0;1;0;0;0;;Bonus & Cheating;82;21;0;10.18;10.18;3;0;16;0;0;0;1;0;0;0;1;0;0.0795569;0.2064772
19;0;27;1;8;4;3;12;12;11.72;96;2;5;0;0;0;4;2;2;2;0;2;11.72;11.72;1;0.333333;0;6;1;0;2;6;1;0;3;0;0;0;;Bonus & Cheating;91;21;1;11.72;11.72;1;5;10;1;0;0;1;0;0;1;0;0;0.0795569;0.2064772
14;0;20;1;3;4;3;20;20;18.21;90;1;0;0;0;0;0;0;0;0;1;4;12.21;20.21;4;0.333333;0;4;0;0;0;4;0;0;5;0;0;0;;Bonus & Cheating;86;21;0;11.3;18.71;2;0;0;0;0;0;1;0;1;0;0;0;0.0795569;0.2064772
13;0;30;1;10;4;4;9;9;8.78;54;4;0;0;0;0;0;0;0;0;0;3;8.78;8.78;3;0.333333;0;5;0;0;1;2;0;0;0;0;0;0;;Bonus & Cheating;85;22;0;8.78;8.78;4;0;0;0;0;0;1;0;0;0;0;1;0.0918803;0.2179362
6;0;22;1;6;4;4;11;11;10.8;90;3;9;1;0;0;8;2;1;1;0;5;11.3;11.3;5;0.333333;3;5;2;2;2;4;2;0;5;4;4;0;;Bonus & Cheating;78;22;1;11.3;11.3;1;10;12;0;0;0;1;0;0;0;1;0;0.0918803;0.2179362
1;0;20;1;4;4;4;10;10;9.08;83;2;9;0;5;4;7;0;3;2;1;4;11.58;11.58;4;1;0;0;0;0;0;0;0;0;0;0;0;1;;Bonus & Cheating;73;22;1;10.81;10.08;3;18;12;0;0;0;1;0;0;1;0;0;0.0918803;0.2179362
23;0;24;1;2;4;4;10;10;9.43;85;1;0;0;0;0;1;1;1;1;1;5;11.93;19.93;6;1;1;5;1;1;1;4;3;1;5;0;0;9;;Bonus & Cheating;95;22;0;10.95;18.43;2;0;4;-1;0;0;1;0;1;0;0;0;0.0918803;0.2179362
12;0;24;0;1;4;5;9.5;9.5;9.3;78;4;9;1;0;0;5;1;0;0;1;2;11.3;11.3;2;0.666667;1;4;0;0;3;1;2;2;1;1;0;0;;Bonus & Cheating;84;23;1;10.46;9.8;3;10;6;0;0;0;1;0;0;0;0;1;0.0693257;0.1725136
8;1;28;1;4;4;5;10.5;10.5;9.87;78;3;0;0;0;0;3;2;1;0;1;1;11.37;11.37;1;1;6;1;0;0;6;0;2;5;0;4;0;0;;Bonus & Cheating;80;23;0;10.46;9.87;4;0;6;0;0;0;1;0;0;0;1;0;0.0693257;0.1725136
24;1;25;1;5;4;5;11;11;11;100;2;2;0;0;0;2;0;0;0;0;5;12;12;5;0.666667;0;2;0;0;3;4;0;0;4;0;0;1;;Bonus & Cheating;96;23;1;12;12;1;2;2;0;0;0;1;0;0;1;0;0;0.0693257;0.1725136
9;0;27;0;12;4;5;10.5;10.5;10.13;95;1;0;5;4;4;9;5;3;3;1;6;12.63;20.63;6;1;0;2;0;0;0;5;0;0;6;0;2;9;;Bonus & Cheating;81;23;1;11.65;19.13;2;13;20;0;0;0;1;0;1;0;0;0;0.0693257;0.1725136
2;0;30;0;2;4;6;7;7;6.44;92;4;1;1;1;0;2;2;2;2;0;6;11.44;11.44;5;1;4;4;2;2;2;2;2;5;5;6;3;5;;Bonus & Cheating;74;24;1;11.44;11.44;3;3;8;1;0;0;1;0;0;0;0;1;0.0069444;0.1661976
3;0;21;0;4;4;6;5.5;5.5;4.71;103;3;2;0.15;0;0;1;1;0;0;1;6;12.21;12.21;2;1;5;2;1;3;3;2;2;1;3;3;0;6;;Bonus & Cheating;75;24;1;12.21;10.71;1;2.15;2;4;0;0;1;0;0;0;1;0;0.0069444;0.1661976
18;0;19;0;2;4;6;5;5;4.85;90;2;0;0;0;0;4;0;0;0;1;5;12.35;12.35;5;1;5;6;0;0;4;3;1;0;4;0;0;6;;Bonus & Cheating;90;24;0;11.3;10.85;4;0;4;0;0;0;1;0;0;1;0;0;0.0069444;0.1661976
22;0;34;0;7;4;6;19;19;18.84;99;1;0;6;6;5;10;6;6;5;1;5;12.84;20.84;4;1;0;0;0;0;0;1;0;0;1;1;0;0;;Bonus & Cheating;94;24;1;11.93;19.34;2;17;27;1;0;0;1;0;1;0;0;0;0.0069444;0.1661976
4;1;23;0;6;5;1;11.5;11.5;10.25;75;4;5;0.2;0;0;5;1;0;0;;4;10.25;10.25;1;;5;4;1;2;5;1;3;1;0;0;0;0;;Bonus;100;25;1;10.25;;4;5.2;6;3;0;1;0;0;0;0;0;1;0.1093044;0.2010651
1;1;27;1;8;5;1;12;12;10.74;82;3;0;0;0;0;7;1;0;0;;5;10.74;10.74;3;;1;5;0;0;1;3;0;1;3;1;0;0;;Bonus;97;25;0;10.74;;3;0;8;2;0;1;0;0;0;0;1;0;0.1093044;0.2010651
5;1;26;1;12;5;1;12.5;12.5;12.28;104;2;0;0;0;0;10;2;1;1;;6;12.28;12.28;6;;1;6;0;1;4;4;0;1;5;0;0;0;;Bonus;101;25;0;12.28;;2;0;14;0;0;1;0;0;0;1;0;0;0.1093044;0.2010651
8;0;26;1;7;5;1;22;22;20.06;108;1;0;0;0;0;0;0;0;0;;5;12.56;20.56;5;;0;0;0;0;0;3;0;0;3;0;0;0;;Bonus;104;25;0;12.56;;1;0;0;0;0;1;0;0;1;0;0;0;0.1093044;0.2010651
23;0;23;1;2;5;2;10.5;10.5;10.03;79;4;5;4;3;0;4;3;3;3;;3;10.53;10.53;2;;5;5;2;2;2;5;3;1;5;5;3;0;;Bonus;119;26;1;10.53;;4;12;13;1;0;1;0;0;0;0;0;1;0.0973299;0.1930779
9;0;24;1;8;5;2;8.5;8.5;8.44;92;3;0;0;0;0;0;0;0;0;;6;11.44;11.44;5;;2;5;1;1;3;2;1;5;2;2;0;3;;Bonus;105;26;0;11.44;;3;0;0;1;0;1;0;0;0;0;1;0;0.0973299;0.1930779
2;0;25;0;4;5;2;8.5;8.5;8.21;103;2;0;0;0;0;5;0;0;0;;5;12.21;12.21;6;;0;0;0;0;3;1;5;0;5;0;0;4;;Bonus;98;26;0;12.21;;2;0;5;-1;0;1;0;0;0;1;0;0;0.0973299;0.1930779
6;0;28;1;4;5;2;16;16;15.91;113;1;0;3;4;4;10;3;4;4;;6;12.91;20.91;6;;0;3;0;0;0;6;0;0;6;0;0;5;;Bonus;102;26;1;12.91;;1;11;21;0;0;1;0;0;1;0;0;0;0.0973299;0.1930779
14;1;29;1;4;5;3;10.5;10.5;9.83;69;4;0;0;0;0;2;2;2;0;;2;9.83;9.83;1;;5;4;2;5;5;1;0;6;3;5;1;0;;Bonus;110;27;0;9.83;;4;0;6;1;0;1;0;0;0;0;0;1;0.1855583;0.2358247
16;1;19;1;2;5;3;11;11;10.74;82;3;0;0;0;0;11.13;6.5;5;4;;4;10.74;10.74;3;;5;3;3;1;6;1;0;2;4;5;0;0;;Bonus;112;27;0;10.74;;3;0;26.63;1;0;1;0;0;0;0;1;0;0.1855583;0.2358247
12;0;30;0;2;5;3;14;14;12.48;114;2;0;0;0;0;3;0;0;0;;4;12.98;12.98;4;;0;4;0;0;1;0;0;1;0;0;0;0;;Bonus;108;27;0;12.98;;2;0;3;0;0;1;0;0;0;1;0;0;0.1855583;0.2358247
22;0;21;0;6;5;3;23.5;23.5;22.24;132;1;0;0;0;0;4;2;0;0;;7;14.24;22.24;7;;0;5;3;0;0;4;0;0;6;0;0;0;;Bonus;118;27;0;14.24;;1;0;6;0;0;1;0;0;1;0;0;0;0.1855583;0.2358247
10;0;28;1;11;5;4;11.5;11.5;10.53;79;4;0;0;0;0;5;2;2;0;;5;10.53;10.53;1;;5;7;0;5;6;0;1;0;0;6;0;0;;Bonus;106;28;0;10.53;;4;0;9;4;0;1;0;0;0;0;0;1;0.0935374;0.1905963
11;0;25;0;;5;4;13;13;11.58;94;3;3;0;0;0;3;1;0;0;;5;11.58;11.58;2;;1;4;0;0;1;1;0;2;2;1;0;0;;Bonus;107;28;1;11.58;;3;3;4;3;0;1;0;0;0;0;1;0;0.0935374;0.1905963
21;0;24;1;6;5;4;14;14;12.56;108;2;8;0;0;0;8;2;0;0;;5;12.56;12.56;5;;4;5;0;1;0;2;3;1;2;0;0;0;;Bonus;117;28;1;12.56;;2;8;10;0;0;1;0;0;0;1;0;0;0.0935374;0.1905963
13;0;28;1;4;5;4;22;22;20.27;111;1;0;0;0;0;0;0;0;0;;5;12.77;20.77;5;;0;5;0;0;0;3;0;0;6;0;0;0;;Bonus;109;28;0;12.77;;1;0;0;0;0;1;0;0;1;0;0;0;0.0935374;0.1905963
15;0;25;1;7;5;5;10.5;10.5;10.38;84;4;5.5;2.3;2.7;0;4;3;3;2;;4;10.88;10.88;4;;0;2;0;0;0;2;0;0;2;0;0;0;;Bonus;111;29;1;10.88;;4;10.5;12;0;0;1;0;0;0;0;0;1;0.0933333;0.186609
19;1;23;0;8;5;5;10.5;10.5;9.79;107;3;0;0;0;0;4;0;0;0;;5;12.49;12.49;5;;1;0;0;0;1;2;0;0;2;0;0;2.7;;Bonus;115;29;0;12.49;;3;0;4;0;0;1;0;0;0;0;1;0;0.0933333;0.186609
7;0;19;1;4;5;5;11.5;11.5;10.54;112;2;10;0;0;0;5;0;0;0;;5;12.84;12.84;3;;5;0;0;5;2;2;3;2;2;0;0;2.3;;Bonus;103;29;1;12.84;;2;10;5;2;0;1;0;0;0;1;0;0;0.0933333;0.186609
3;0;26;0;2;5;5;18;18;16.04;122;1;0;0;0;0;3;1;1;0;;6;13.54;21.54;7;;0;2;0;0;0;5;0;0;6;0;0;5.5;;Bonus;99;29;0;13.54;;1;0;5;-1;0;1;0;0;1;0;0;0;0.0933333;0.186609
24;1;45;0;0;5;6;11.5;11.5;9.12;66;4;0;0;0;0;0;0;0;0;;2;9.62;9.62;2;;0;0;0;0;0;0;0;0;0;0;0;0;;Bonus;120;30;0;9.62;;4;0;0;0;0;1;0;0;0;0;0;1;0.1473296;0.2199727
20;1;35;0;23;5;6;11.5;11.5;10.6;80;3;0;0;0;0;3;2;1;0;;4;10.6;10.6;4;;1;1;0;0;2;1;0;1;3;0;0;0;;Bonus;116;30;0;10.6;;3;0;6;0;0;1;0;0;0;0;1;0;0.1473296;0.2199727
18;0;27;1;5;5;6;13.5;13.5;12.35;105;2;0;0;0;0;5;2;0;0;;6;12.35;12.35;5;;2;1;0;0;4;4;0;0;4;0;0;0;;Bonus;114;30;0;12.35;;2;0;7;1;0;1;0;0;0;1;0;0;0.1473296;0.2199727
17;0;22;1;6;5;6;23;23;20.77;111;1;0;0;0;0;0;0;0;0;;4;12.77;20.77;5;;0;0;0;0;0;5;0;0;5;0;0;0;;Bonus;113;30;0;12.77;;1;0;0;-1;0;1;0;0;1;0;0;0;0.1473296;0.2199727
14;0;25;1;12;6;1;11.5;11.5;10.22;81;4;0;0;0;0;0;0;0;0;1;3;11.72;11.72;1;1;2;4;0;0;2;0;3;3;1;0;0;0;;Bonus & Cheating;134;31;0;10.67;10.22;4;0;0;2;0;0;1;0;0;0;0;1;0.046875;0.162159
17;1;21;1;1;6;1;12.5;12.5;12.35;105;3;10;2;0;1;10;2;2;1;0;4;12.35;12.35;3;0.666667;3;0;1;2;6;0;0;1;0;1;1;0;;Bonus & Cheating;137;31;1;12.35;12.35;1;13;15;1;0;0;1;0;0;0;1;0;0.046875;0.162159
10;0;24;1;4;6;1;12;12;11.13;96;2;4;0;0;0;4;3;0;0;1;5;12.63;12.63;5;1;2;4;0;0;1;3;0;0;4;0;0;0;;Bonus & Cheating;130;31;1;11.72;11.13;3;4;7;0;0;0;1;0;0;1;0;0;0.046875;0.162159
23;0;20;1;2;6;1;19.5;19.5;18.98;102;1;0;0;0;0;0;0;0;0;1;5;12.98;20.98;5;1;0;4;0;0;0;4;0;0;2;0;0;0;;Bonus & Cheating;143;31;0;12.14;19.48;2;0;0;0;0;0;1;0;1;0;0;0;0.046875;0.162159
19;0;29;1;3;6;2;13;13;10.59;87;4;0;0;0;0;5;0;0;0;0;4;11.09;11.09;4;0;0;3;2;0;0;3;1;0;4;0;0;0;;Bonus & Cheating;139;32;0;11.09;11.09;4;0;5;0;0;0;1;0;0;0;0;1;0.0739774;0.1750338
6;1;34;0;6;6;2;12.5;12.5;10.78;89;3;0;0;0;0;2;0;0;0;1;2;12.28;12.28;2;0.666667;0;0;0;0;0;0;0;0;4;0;0;0;;Bonus & Cheating;126;32;0;11.23;10.78;3;0;2;0;0;0;1;0;0;0;1;0;0.0739774;0.1750338
5;0;22;1;5;6;2;11;11;10.92;93;2;10;0;0;0;10;4;3;3;1;5;12.42;12.42;4;1;0;5;4;0;2;6;0;0;6;0;0;0;;Bonus & Cheating;125;32;1;11.51;10.92;2;10;20;1;0;0;1;0;0;1;0;0;0.0739774;0.1750338
9;0;20;0;;6;2;21;21;19.48;114;1;0;0;0;0;0;0;0;0;1;5;12.98;20.98;5;1;0;5;0;0;0;2;0;0;4;0;0;0;;Bonus & Cheating;129;32;0;12.98;19.48;1;0;0;0;0;0;1;0;1;0;0;0;0.0739774;0.1750338
16;1;24;0;4;6;3;10;10;8.5;60;4;10;6;2;0;10;3;1;0;1;2;10.04;10.04;1;1;6;2;2;1;5;0;5;6;0;0;1;0.04;;Bonus & Cheating;136;33;1;9.2;8.54;4;18;14;1;0;0;1;0;0;0;0;1;0.1294766;0.2080138
12;0;25;1;5;6;3;10.5;10.5;10;97;3;10.5;3;0;0;6;3;1;1;0;5;11.79;11.79;5;0.666667;0;4;0;0;0;3;0;3;5;0;0;1.79;;Bonus & Cheating;132;33;1;11.79;11.79;3;13.5;11;0;0;0;1;0;0;0;1;0;0.1294766;0.2080138
15;1;19;0;2;6;3;9;9;8.5;100;2;3;0;2;1;4;3;2;2;1;5;12.91;12.91;6;1;0;1;0;0;2;1;0;0;1;0;0;2.91;;Bonus & Cheating;135;33;1;12;11.41;2;6;11;-1;0;0;1;0;0;1;0;0;0.1294766;0.2080138
22;0;25;1;2;6;3;20.5;20.5;19.33;106;1;0;2.91;1.79;0.04;10;3;2;1;1;3;13.33;21.33;3;1;0;5;0;0;0;5;0;0;5;0;0;0;;Bonus & Cheating;142;33;1;12.42;19.83;1;4.74;16;0;0;0;1;0;1;0;0;0;0.1294766;0.2080138
2;1;29;0;10;6;4;9.5;9.5;9.03;79;4;0;0;0;0;5;3;2;5;1;5;10.53;10.53;7;1;0;0;0;0;0;0;0;1;6;3;0;0;;Bonus & Cheating;122;34;0;10.53;9.03;4;0;15;-2;0;0;1;0;0;0;0;1;0.0973597;0.1839906
18;0;22;0;4;6;4;13;13;11.2;99;3;6;0;0;0;6;0;0;0;1;4;12.7;12.7;6;1;6;6;3;5;1;3;5;4;0;0;0;0;;Bonus & Cheating;138;34;1;11.93;11.2;3;6;6;-2;0;0;1;0;0;0;1;0;0.0973597;0.1839906
4;0;23;1;8;6;4;13;13;11.34;112;2;10;0;0;0;10;0;0;0;1;2;12.84;12.84;3;1;4;6;0;1;1;3;3;1;3;0;0;0;;Bonus & Cheating;124;34;1;12.84;11.34;2;10;10;-1;0;0;1;0;0;1;0;0;0.0973597;0.1839906
11;1;26;0;3;6;4;22;22;20.48;114;1;0;0;0;0;3;0;0;0;0;6;12.98;20.98;6;0.666667;0;5;0;0;0;5;0;0;5;0;2;0;;Bonus & Cheating;131;34;0;12.98;20.98;1;0;3;0;0;0;1;0;1;0;0;0;0.0973597;0.1839906
3;1;21;0;2;6;5;12;12;10.74;82;4;2;0;0;0;4;1;0;0;0;4;10.74;10.74;2;0.333333;2;4;0;1;3;3;1;4;0;5;0;0;;Bonus & Cheating;123;35;1;10.74;10.74;2;2;5;2;0;0;1;0;0;0;0;1;0.1187085;0.2165433
21;0;22;1;7;6;5;9.5;9.5;8.81;71;3;0;0;0;0;0;0;0;0;1;1;10.81;10.81;1;1;0;0;0;0;0;0;0;0;0;0;0;0;;Bonus & Cheating;141;35;0;9.97;9.31;4;0;0;0;0;0;1;0;0;0;1;0;0.1187085;0.2165433
1;1;33;0;7;6;5;10.5;10.5;9.73;76;2;0;0;0;0;0;0;0;0;1;2;11.23;11.23;3;1;1;4;0;1;2;3;0;2;3;1;0;0;;Bonus & Cheating;121;35;0;10.32;9.73;3;0;0;-1;0;0;1;0;0;1;0;0;0.1187085;0.2165433
8;0;31;1;1;6;5;21.5;21.5;21.09;122;1;0;1;1;1;11;3;3;3;1;3;14.59;22.59;3;0.666667;0;7;0;0;0;0;0;0;4;0;0;0;;Bonus & Cheating;128;35;1;13.54;21.09;1;3;20;0;0;0;1;0;1;0;0;0;0.1187085;0.2165433
13;1;24;0;2;6;6;9.5;9.5;9.24;82;4;0;0;0;0;5;3;3;2;1;4;10.74;10.74;5;1;3;3;0;0;2;0;0;3;0;0;0;0;;Bonus & Cheating;133;36;0;10.74;9.24;4;0;13;-1;0;0;1;0;0;0;0;1;0.078481;0.1968921
24;0;20;1;2;6;6;12;12;11.65;95;3;7;0;0;0;8;4;3;2;0;6;11.65;11.65;3;0.333333;2;0;0;0;5;4;3;1;6;3;0;0;;Bonus & Cheating;144;36;1;11.65;11.65;3;7;17;3;0;0;1;0;0;0;1;0;0.078481;0.1968921
7;1;27;0;6;6;6;13;13;11.2;110;2;0;0;0;0;0;0;0;0;1;4;12.7;12.7;4;1;1;4;0;0;1;4;0;0;4;0;0;0;;Bonus & Cheating;127;36;0;12.7;11.2;1;0;0;0;0;0;1;0;0;1;0;0;0.078481;0.1968921
20;0;18;1;2;6;6;21.5;21.5;19.54;108;1;0;0;0;0;0;0;0;0;1;5;13.54;21.54;6;1;0;7;4;0;0;6;0;0;6;0;0;0;;Bonus & Cheating;140;36;0;12.56;20.04;2;0;0;-1;0;0;1;0;1;0;0;0;0.078481;0.1968921
5;0;24;1;8;7;1;11.5;11.5;9.79;97;4;11;0;0;0;10;0;0;0;1;4;11.79;11.79;1;1;6;6;0;6;1;1;4;0;0;0;0;0;;Bonus & Cheating;149;37;1;11.79;10.29;4;11;10;3;0;0;1;0;0;0;0;1;0.0663717;0.1721864
21;0;28;0;12;7;1;13.5;13.5;11.76;118;3;0;0;0;0;0;0;0;0;1;5;13.26;13.26;5;0.666667;0;2;0;0;0;2;0;0;2;0;0;0;;Bonus & Cheating;165;37;0;13.26;11.76;2;0;0;0;0;0;1;0;0;0;1;0;0.0663717;0.1721864
1;1;22;1;4;7;1;13.5;13.5;11.97;106;2;0;0;0;0;0;0;0;0;1;5;13.47;13.47;5;1;0;5;0;0;1;5;0;0;3;0;0;0;;Bonus & Cheating;145;37;0;12.42;11.97;3;0;0;0;0;0;1;0;0;1;0;0;0.0663717;0.1721864
4;0;22;1;4;7;1;13;13;11.17;131;1;0;0;0;0;0;0;0;0;0;5;14.17;22.17;5;0;0;2;0;0;0;1;0;0;1;0;0;11;;Bonus & Cheating;148;37;0;14.17;22.17;1;0;0;0;0;0;1;0;1;0;0;0;0.0663717;0.1721864
22;0;21;1;1;7;2;11.5;11.5;9.48;64;4;0;0;0;0;0;0;0;0;0;5;9.48;9.48;5;1;0;1;2;0;0;1;0;0;0;0;0;0;;Bonus & Cheating;166;38;0;9.48;9.48;4;0;0;0;0;0;1;0;0;0;0;1;0.1573034;0.2373512
16;1;19;1;1;7;2;12;12;10.46;78;3;0;0;0;0;2;0;0;0;0;5;10.46;10.46;3;0.666667;3;2;0;1;4;2;1;1;2;1;0;0;;Bonus & Cheating;160;38;0;10.46;10.46;3;0;2;2;0;0;1;0;0;0;1;0;0.1573034;0.2373512
23;0;20;1;4;7;2;14;14;12.14;102;2;0;0;0;0;5;0;0;0;0;7;12.14;12.14;5;0.666667;3;6;1;0;5;2;4;4;2;3;0;0;;Bonus & Cheating;167;38;0;12.14;12.14;2;0;5;2;0;0;1;0;0;1;0;0;0.1573034;0.2373512
17;1;25;0;2;7;2;22;22;19.68;112;1;0;0;0;0;0;0;0;0;1;6;13.68;21.68;7;0;0;4;0;0;0;0;0;0;5;0;0;0;;Bonus & Cheating;161;38;0;12.84;20.18;1;0;0;-1;0;0;1;0;1;0;0;0;0.1573034;0.2373512
11;1;27;0;4;7;3;9.5;9.5;9.31;71;4;10;5;5;0;10;5;5;5;1;3;10.81;10.81;3;1;2;2;2;2;4;0;5;0;0;0;0;0;;Bonus & Cheating;155;39;1;9.97;9.31;4;20;25;0;0;0;1;0;0;0;0;1;0.1361257;0.1943144
9;1;19;0;4;7;3;10;10;9.45;85;3;7;2;0;0;6;5;2;2;1;5;10.95;10.95;1;1;5;4;0;0;6;2;0;0;2;5;0;0;;Bonus & Cheating;153;39;1;10.95;9.45;3;9;15;4;0;0;1;0;0;0;1;0;0.1361257;0.1943144
8;1;20;1;6;7;3;13.5;13.5;12.84;112;2;0;0;0;0;3;1;0;0;0;7;12.84;12.84;6;0;5;7;0;0;4;3;1;0;3;0;0;0;;Bonus & Cheating;152;39;0;12.84;12.84;2;0;4;1;0;0;1;0;0;1;0;0;0.1361257;0.1943144
13;0;25;1;6;7;3;21;21;20.48;114;1;0;0;0;0;8;1;1;0;0;1;12.98;20.98;1;0.666667;5;5;0;0;0;6;0;0;6;0;6;0;;Bonus & Cheating;157;39;0;12.98;20.98;1;0;10;0;0;0;1;0;1;0;0;0;0.1361257;0.1943144
15;0;24;1;8;7;4;9.5;9.5;9.31;72;4;0;0;0;0;11;5;5;1;1;4;10.81;10.81;1;1;5;6;0;0;3;0;0;1;0;2;0;0;;Bonus & Cheating;159;40;0;10.04;9.31;4;0;22;3;0;0;1;0;0;0;0;1;0.1457286;0.2129839
12;1;23;0;4;7;4;13;13;11.3;90;3;8;0;0;0;4;0;0;0;0;5;11.3;11.3;4;0;1;1;0;0;0;0;0;0;0;0;0;0;;Bonus & Cheating;156;40;1;11.3;11.3;3;8;4;1;0;0;1;0;0;0;1;0;0.1457286;0.2129839
18;1;25;0;2;7;4;13.5;13.5;12.48;114;2;0;0;0;0;7;2;0;0;0;6;12.98;12.98;6;0.666667;5;5;0;0;1;2;0;0;5;0;0;0;;Bonus & Cheating;162;40;0;12.98;12.98;2;0;9;0;0;0;1;0;0;1;0;0;0.1457286;0.2129839
24;1;26;1;12;7;4;22;22;21.02;122;1;0;0;0;0;10;2;1;0;1;6;14.52;22.52;7;0.666667;0;5;0;0;0;6;0;0;5;0;0;0;;Bonus & Cheating;168;40;0;13.54;21.02;1;0;13;-1;0;0;1;0;1;0;0;0;0.1457286;0.2129839
2;0;24;1;6;7;5;9;9;8.9;70;4;0;0;0;0;0;0;0;0;0;5;9.9;9.9;4;0.666667;5;6;0;0;5;0;3;5;1;1;0;1;;Bonus & Cheating;146;41;0;9.9;9.9;4;0;0;1;0;0;1;0;0;0;0;1;0.235443;0.2639652
14;1;23;1;8;7;5;8.5;8.5;8.38;73;3;5;3;0;2;10;6;5;4;1;5;10.88;10.88;4;0.666667;5;0;4;2;0;3;0;2;4;0;0;1;;Bonus & Cheating;158;41;1;10.11;9.38;3;10;25;1;0;0;1;0;0;0;1;0;0.235443;0.2639652
19;0;28;1;17;7;5;11;11;10.84;97;2;1;0;1;1;12;6;5;4;1;4;12.84;12.84;5;0.333333;0;3;0;0;0;1;0;0;4;1;0;0;;Bonus & Cheating;163;41;1;11.79;11.34;2;3;27;-1;0;0;1;0;0;1;0;0;0.235443;0.2639652
10;1;20;1;4;7;5;23;23;22.12;155;1;0;3;2;1;8;2;2;1;1;6;16.62;24.62;7;1;0;3;0;0;0;5;0;0;5;0;0;1;;Bonus & Cheating;154;41;1;15.85;23.12;1;6;13;-1;0;0;1;0;1;0;0;0;0.235443;0.2639652
3;0;48;0;0;7;6;8.5;8.5;8.12;53;4;2;0.7;0.5;0;2;2.8;2.3;2.5;1;4;9.62;9.62;3;0.666667;1;4;1;1;2;1;1;1;1;1;1;0;;Bonus & Cheating;147;42;1;8.71;8.12;4;3.2;9.6;1;0;0;1;0;0;0;0;1;0.2165725;0.2454212
20;1;33;1;6;7;6;12;12;10.46;78;3;0;0;0;0;0;0;0;0;0;5;10.46;10.46;5;0;0;6;2;0;0;5;0;0;6;4;0;0;;Bonus & Cheating;164;42;0;10.46;10.46;3;0;0;0;0;0;1;0;0;0;1;0;0.2165725;0.2454212
7;1;24;0;2;7;6;13.5;13.5;11.55;101;2;0;0;0;0;0;0;0;0;1;3;13.05;13.05;4;1;5;5;0;0;6;2;0;0;5;0;0;0;;Bonus & Cheating;151;42;0;12.07;11.55;2;0;0;-1;0;0;1;0;0;1;0;0;0.2165725;0.2454212
6;0;19;1;2;7;6;22;22;20.38;122;1;0;0;0;0;0;0;0;0;1;6;14.38;22.38;7;0;0;5;0;0;0;3;0;0;5;0;0;0;;Bonus & Cheating;150;42;0;13.54;20.88;1;0;0;-1;0;0;1;0;1;0;0;0;0.2165725;0.2454212
9;0;24;1;4;8;1;10.5;10.5;9.9;70;4;0;0;0;0;0;0;0;0;;1;9.9;9.9;1;;0;0;0;0;0;0;0;0;0;0;0;0;;Bonus;177;43;0;9.9;;4;0;0;0;0;1;0;0;0;0;0;1;0.1314815;0.2126566
24;1;25;0;5;8;1;10.5;10.5;10.17;81;3;0;0;0;0;2;2;2;2;;6;10.67;10.67;4;;4;3;4;4;4;0;4;4;1;3;0;0;;Bonus;192;43;0;10.67;;3;0;8;2;0;1;0;0;0;0;1;0;0.1314815;0.2126566
10;1;23;0;6;8;1;12;12;11.79;97;2;5;0;2.5;2;7;4;3;2;;5;11.79;11.79;5;;3;3;3;3;0;0;0;0;0;0;1;0;;Bonus;178;43;1;11.79;;2;9.5;16;0;0;1;0;0;0;1;0;0;0.1314815;0.2126566
22;0;22;0;6;8;1;21.5;21.5;20.84;112;1;0;0;0;0;10;2;1;0;;7;12.84;20.84;7;;0;1;2;0;0;3;0;0;6;0;1;0;;Bonus;190;43;0;12.84;;1;0;13;0;0;1;0;0;1;0;0;0;0.1314815;0.2126566
2;1;20;1;2;8;2;10;10;9.97;71;4;8;3;2;0;8;3;2;2;;5;9.97;9.97;1;;0;3;0;0;2;1;1;1;1;2;0;0;;Bonus;170;44;1;9.97;;4;13;15;4;0;1;0;0;0;0;0;1;0.0759878;0.1910641
16;1;28;0;6;8;2;11.5;11.5;10.39;77;3;0;0;0;0;3;0;1;0;;6;10.39;10.39;6;;4;2;4;2;1;1;1;0;3;0;0;0;;Bonus;184;44;0;10.39;;3;0;4;0;0;1;0;0;0;0;1;0;0.0759878;0.1910641
18;0;27;1;14;8;2;12;12;11.23;89;2;0;0;0;0;0;0;0;0;;4;11.23;11.23;6;;0;6;0;0;0;3;0;0;4;0;0;0;;Bonus;186;44;0;11.23;;2;0;0;-2;0;1;0;0;0;1;0;0;0.0759878;0.1910641
13;0;25;0;6;8;2;19.5;19.5;18.94;92;1;0;0;0;0;5;0;0;0;;4;11.44;19.44;5;;0;6;0;0;0;6;0;0;6;0;1;0;;Bonus;181;44;0;11.44;;1;0;5;-1;0;1;0;0;1;0;0;0;0.0759878;0.1910641
19;0;18;0;2;8;3;9.5;9.5;8.83;69;4;0;0;0;0;3;2;2;0;;5;9.83;9.83;3;;1;0;2;1;4;1;2;1;1;1;0;1;;Bonus;187;45;0;9.83;;4;0;7;2;0;1;0;0;0;0;0;1;0.114082;0.2027808
11;1;27;0;12;8;3;11.5;11.5;11.22;96;3;2;1;0;1;3;2;2;2;;3;11.72;11.72;4;;0;1;1;0;0;3;0;0;4;0;0;0;;Bonus;179;45;1;11.72;;3;4;9;-1;0;1;0;0;0;0;1;0;0.114082;0.2027808
12;0;27;1;4;8;3;11;11;10.86;98;2;0;0;0;0;4;2;2;0;;5;11.86;11.86;5;;0;4;0;2;2;4;1;1;5;1;0;1;;Bonus;180;45;0;11.86;;2;0;8;0;0;1;0;0;0;1;0;0;0.114082;0.2027808
6;1;34;0;8;8;3;19.5;19.5;18.77;111;1;0;0;0;0;0;0;0;0;;4;12.77;20.77;5;;0;5;0;0;0;5;0;0;5;0;0;2;;Bonus;174;45;0;12.77;;1;0;0;-1;0;1;0;0;1;0;0;0;0.114082;0.2027808
15;0;21;1;4;8;4;11;11;10.53;79;4;10;5;4;0;4;3;3;4;;5;10.53;10.53;4;;6;5;4;5;4;3;3;3;3;3;3;0;;Bonus;183;46;1;10.53;;4;19;14;1;0;1;0;0;0;0;0;1;0.1074977;0.2001982
5;1;29;0;4;8;4;11.5;11.5;10.6;80;3;0;0;0;0;3;0;0;0;;4;10.6;10.6;2;;3;2;0;0;3;0;0;0;0;0;0;0;;Bonus;173;46;0;10.6;;3;0;3;2;0;1;0;0;0;0;1;0;0.1074977;0.2001982
23;0;21;0;2;8;4;12;12;11.29;97;2;0;0;0;0;0;0;0;0;;2;11.79;11.79;3;;6;6;3;4;4;4;3;3;4;2;0;0;;Bonus;191;46;0;11.79;;2;0;0;-1;0;1;0;0;0;1;0;0;0.1074977;0.2001982
21;1;28;1;4;8;4;21.5;21.5;20.91;113;1;0;0;0;0;4;2;0;0;;5;12.91;20.91;6;;0;2;4;0;0;0;0;0;6;0;0;0;;Bonus;189;46;0;12.91;;1;0;6;-1;0;1;0;0;1;0;0;0;0.1074977;0.2001982
7;1;25;0;0;8;5;11.5;11.5;10.03;79;4;0;0;0;0;3;0;0;0;;5;10.53;10.53;4;;0;0;0;0;1;0;0;1;0;1;0;0;;Bonus;175;47;0;10.53;;4;0;3;1;0;1;0;0;0;0;0;1;0.0538244;0.1770063
1;0;29;1;1;8;5;12.5;12.5;11.09;87;3;0;0;0;0;0;0;0;0;;6;11.09;11.09;6;;0;2;0;0;0;0;0;0;0;0;0;0;;Bonus;169;47;0;11.09;;3;0;0;0;0;1;0;0;0;0;1;0;0.0538244;0.1770063
17;1;35;0;8;8;5;11.5;11.5;11.3;90;2;1;0;1;1;5;5;5;5;;6;11.3;11.3;5;;1;5;5;1;1;5;2;0;6;0;0;0;;Bonus;185;47;1;11.3;;2;3;20;1;0;1;0;0;0;1;0;0;0.0538244;0.1770063
4;0;21;1;4;8;5;21;21;19.79;97;1;0;0;0;0;0;0;0;0;;6;11.79;19.79;6;;0;6;0;0;0;6;0;0;6;0;2;0;;Bonus;172;47;0;11.79;;1;0;0;0;0;1;0;0;1;0;0;0;0.0538244;0.1770063
8;1;25;0;4;8;6;11.5;11.5;11.23;89;4;5;3;2;0;5;3;2;2;;6;11.23;11.23;6;;1;5;0;0;3;2;0;1;3;0;0;0;;Bonus;176;48;1;11.23;;4;10;12;0;0;1;0;0;0;0;0;1;0.0726073;0.1786307
3;1;24;1;2;8;6;11.5;11.5;11.36;98;3;0;0;0;0;10;3;3;3;;7;11.86;11.86;7;;0;1;0;0;0;2;0;0;2;0;0;0;;Bonus;171;48;0;11.86;;3;0;19;0;0;1;0;0;0;0;1;0;0.0726073;0.1786307
20;1;21;0;4;8;6;13;13;11.93;99;2;0;0;0;0;3;0;0;0;;4;11.93;11.93;7;;0;2;0;0;0;0;0;0;1;0;0;0;;Bonus;188;48;0;11.93;;2;0;3;-3;0;1;0;0;0;1;0;0;0.0726073;0.1786307
14;0;25;1;1;8;6;22;22;21.26;118;1;0;0;0;0;3;0;0;0;;4;13.26;21.26;6;;0;4;0;0;0;6;0;0;6;0;2;0;;Bonus;182;48;0;13.26;;1;0;3;-2;0;1;0;0;1;0;0;0;0.0726073;0.1786307
11;0;27;1;2;9;1;10.5;10.5;10.46;78;4;6;6;5;0;2;2;1;3;;2;10.46;10.46;2;;3;5;6;5;6;4;3;5;2;5;6;0;;No Bonus;203;49;1;10.46;;4;17;8;0;1;0;0;0;0;0;0;1;0.0891266;0.050527
23;0;22;1;6;9;1;12.5;12.5;10.52;86;3;0;0;0;0;3;3;2;2;;5;11.02;11.02;3;;1;1;0;0;4;3;0;0;3;5;0;0;;No Bonus;215;49;0;11.02;;3;0;10;2;1;0;0;0;0;0;1;0;0.0891266;0.050527
17;0;23;1;6;9;1;13;13;12.35;105;2;0;0;0;0;0;0;0;0;;7;12.35;12.35;6;;0;5;3;0;0;5;0;2;5;0;0;0;;No Bonus;209;49;0;12.35;;2;0;0;1;1;0;0;0;0;1;0;0;0.0891266;0.050527
9;0;28;1;3;9;1;13.5;13.5;12.35;105;1;0;0;0;0;2;2;1;0;;3;12.35;12.35;4;;4;5;5;4;4;5;4;0;2;0;1;0;;No Bonus;201;49;0;12.35;;1;0;5;-1;1;0;0;0;1;0;0;0;0.0891266;0.050527
5;1;21;1;6;9;2;12;12;11.16;88;4;0;0;0;0;3;1;0;1;;6;11.16;11.16;2;;1;6;0;0;3;0;1;5;1;3;0;0;;No Bonus;197;50;0;11.16;;4;0;5;4;1;0;0;0;0;0;0;1;0.0612245;0.0354132
2;0;24;1;7;9;2;13.5;13.5;11.44;92;3;0;0;0;0;0;0;0;0;;5;11.44;11.44;4;;2;5;0;1;4;3;2;1;3;0;0;0;;No Bonus;194;50;0;11.44;;3;0;0;1;1;0;0;0;0;0;1;0;0.0612245;0.0354132
16;1;23;0;6;9;2;14.5;14.5;12.28;104;2;0;0;0;0;0;0;0;0;;5;12.28;12.28;5;;0;2;0;0;0;0;0;0;3;0;0;0;;No Bonus;208;50;0;12.28;;2;0;0;0;1;0;0;0;0;1;0;0;0.0612245;0.0354132
3;0;19;1;2;9;2;14.5;14.5;12.06;108;1;0;0;0;0;0;0;0;0;;4;12.56;12.56;4;;0;2;0;0;0;0;0;0;2;0;0;0;;No Bonus;195;50;0;12.56;;1;0;0;0;1;0;0;0;1;0;0;0;0.0612245;0.0354132
1;0;33;0;10;9;3;9.5;9.5;9.33;69;4;0;0;0;0;4;3;2;1;;4;9.83;9.83;3;;6;6;0;0;5;1;1;4;0;0;0;0.5;;No Bonus;193;51;0;9.83;;4;0;10;1;1;0;0;0;0;0;0;1;0.0854701;0.0446144
12;1;22;0;8;9;3;11;11;9.97;71;3;0;0;0;0;1;1;0;0;;4;9.97;9.97;2;;1;3;0;0;1;2;1;0;2;2;0;0;;No Bonus;204;51;0;9.97;;3;0;2;2;1;0;0;0;0;0;1;0;0.0854701;0.0446144
20;0;29;1;4;9;3;12;12;10.53;79;2;0;0;0;0;2;1;0;0;;5;10.53;10.53;5;;0;2;0;0;2;3;0;0;3;0;0;0;;No Bonus;212;51;0;10.53;;2;0;3;0;1;0;0;0;0;1;0;0;0.0854701;0.0446144
22;0;22;1;2;9;3;13.5;13.5;11.01;93;1;0;0;0;0.5;0;0;0;0;;6;11.51;11.51;7;;3;3;3;4;3;3;3;3;3;3;3;0;;No Bonus;214;51;1;11.51;;1;0.5;0;-1;1;0;0;0;1;0;0;0;0.0854701;0.0446144
21;1;23;0;5;9;4;10.5;10.5;10.17;81;4;2;1;1;0;2;2;2;1;;5;10.67;10.67;2;;3;5;0;0;0;0;0;6;0;0;0;0;;No Bonus;213;52;1;10.67;;4;4;7;3;1;0;0;0;0;0;0;1;0.0346192;0.0187351
24;1;18;1;2;9;4;10.5;10.5;9.67;81;3;0;0;0;0;1;0;0;0;;5;10.67;10.67;5;;0;5;0;0;0;4;0;0;3;0;0;1;;No Bonus;216;52;0;10.67;;3;0;1;0;1;0;0;0;0;0;1;0;0.0346192;0.0187351
13;0;28;0;8;9;4;10.5;10.5;9.81;83;2;0;0;0;0;1;0;0;0;;6;10.81;10.81;6;;0;6;0;0;0;5;0;0;5;0;0;1;;No Bonus;205;52;0;10.81;;2;0;1;0;1;0;0;0;0;1;0;0;0.0346192;0.0187351
8;1;29;0;4;9;4;9.5;9.5;9.44;92;1;0;1;1;1;4;4;4;4;;7;11.44;11.44;7;;0;0;0;0;0;6;0;0;6;0;0;2;;No Bonus;200;52;1;11.44;;1;3;16;0;1;0;0;0;1;0;0;0;0.0346192;0.0187351
6;0;22;1;2;9;5;9.5;9.5;9.05;65;4;0;0;0;0;2;1;1;1;;2;9.55;9.55;3;;5;2;2;1;4;2;3;2;2;6;4;0;;No Bonus;198;53;0;9.55;;4;0;5;-1;1;0;0;0;0;0;0;1;0.0741971;0.038065
4;0;36;1;1;9;5;10.5;10.5;10.04;72;3;0.95;0.53;0;0.55;2;1;2;1;;5;10.04;10.04;5;;0;5;0;0;0;4;0;0;4;0;0;0;;No Bonus;196;53;1;10.04;;3;2.03;6;0;1;0;0;0;0;0;1;0;0.0741971;0.038065
18;0;16;1;2;9;5;11;11;10.53;79;2;0;0;0;0;3;3;2;2;;1;10.53;10.53;1;;2;2;2;2;2;0;0;2;0;0;0;0;;No Bonus;210;53;0;10.53;;2;0;10;0;1;0;0;0;0;1;0;0;0.0741971;0.038065
15;0;25;0;2;9;5;12.5;12.5;10.95;85;1;0;0;0;0;1;0;0;0;;5;10.95;10.95;5;;3;5;2;1;0;5;2;3;6;0;0;0;;No Bonus;207;53;0;10.95;;1;0;1;0;1;0;0;0;1;0;0;0;0.0741971;0.038065
19;0;26;1;14;9;6;11;11;9.61;73;4;0;0;0;0;1;0;0;0;;3;10.11;10.11;2;;1;0;0;0;2;1;1;2;1;1;0;0;;No Bonus;211;54;0;10.11;;4;0;1;1;1;0;0;0;0;0;0;1;0.0654762;0.035386
7;1;29;0;5;9;6;12;12;10.81;83;3;1;1;0;0;1;1;0;0;;5;10.81;10.81;6;;0;2;0;0;0;1;0;1;0;0;0;0;;No Bonus;199;54;1;10.81;;3;2;2;-1;1;0;0;0;0;0;1;0;0.0654762;0.035386
14;1;23;0;7;9;6;11.5;11.5;11.02;86;2;0.58;0;0.81;0.11;3;3;4;1;;5;11.02;11.02;6;;0;4;0;0;2;3;0;0;4;0;0;0;;No Bonus;206;54;1;11.02;;2;1.5;11;-1;1;0;0;0;0;1;0;0;0.0654762;0.035386
10;0;22;0;4;9;6;12.5;12.5;11.58;94;1;0;1;1;0;2;1;1;1;;4;11.58;11.58;5;;0;4;0;0;0;4;1;0;5;0;0;0;;No Bonus;202;54;1;11.58;;1;2;5;-1;1;0;0;0;1;0;0;0;0.0654762;0.035386
14;0;27;1;2;10;1;12;12;9.55;65;4;0;0;0;0;0;0;0;0;;3;9.55;9.55;3;;0;1;0;0;0;0;0;0;0;0;0;0;;No Bonus;230;55;0;9.55;;4;0;0;0;1;0;0;0;0;0;0;1;0.1117647;0.0607306
20;1;20;0;0;10;1;13;13;10.74;82;3;0;0;0;0;0;0;0;0;;2;10.74;10.74;2;;0;5;0;0;0;1;0;0;1;0;0;0;;No Bonus;236;55;0;10.74;;3;0;0;0;1;0;0;0;0;0;1;0;0.1117647;0.0607306
7;0;21;1;2;10;1;12.5;12.5;11.08;94;2;0;0;0;0;2;2;0;0;;7;11.58;11.58;6;;0;2;0;0;0;4;0;2;4;1;0;0;;No Bonus;223;55;0;11.58;;2;0;4;1;1;0;0;0;0;1;0;0;0.1117647;0.0607306
17;0;20;1;2;10;1;14;14;11.93;99;1;0;0;0;0;0;0;0;0;;2;11.93;11.93;4;;4;6;0;0;0;0;0;0;0;2;0;0;;No Bonus;233;55;0;11.93;;1;0;0;-2;1;0;0;0;1;0;0;0;0.1117647;0.0607306
11;0;26;0;6;10;2;13;13;10.74;82;4;0;0;0;0;0;0;0;0;;4;10.74;10.74;4;;0;5;0;0;0;0;0;5;3;5;0;0;;No Bonus;227;56;0;10.74;;4;0;0;0;1;0;0;0;0;0;0;1;0.0634921;0.0361601
24;1;20;1;3;10;2;11.5;11.5;11.08;94;3;0;0;0;0;4;3;3;1;;7;11.58;11.58;7;;0;1;0;0;0;4;0;0;5;0;0;0;;No Bonus;240;56;0;11.58;;3;0;11;0;1;0;0;0;0;0;1;0;0.0634921;0.0361601
18;0;30;1;6;10;2;14;14;11.79;97;2;0;0;0;0;0;0;0;0;;7;11.79;11.79;6;;1;3;0;0;4;5;1;0;5;0;0;0;;No Bonus;234;56;0;11.79;;2;0;0;1;1;0;0;0;0;1;0;0;0.0634921;0.0361601
19;1;19;0;2;10;2;12.5;12.5;12.35;105;1;0;0;0;0;4;4;3;3;;5;12.35;12.35;5;;1;3;0;0;0;4;0;0;4;0;3;0;;No Bonus;235;56;0;12.35;;1;0;14;0;1;0;0;0;1;0;0;0;0.0634921;0.0361601
5;0;20;1;3;10;3;10.5;10.5;9.9;70;4;0;0.5;1;0;0;0.5;1;2;;5;9.9;9.9;5;;0;0;0;0;0;0;0;3;3;3;0;0;;No Bonus;221;57;1;9.9;;4;1.5;3.5;0;1;0;0;0;0;0;0;1;0.1160631;0.0646282
6;0;26;0;4;10;3;11;11;10.38;84;3;0;0;0;0;2;2;1;0;;2;10.88;10.88;2;;0;0;0;0;1;0;0;1;0;0;0;0;;No Bonus;222;57;0;10.88;;3;0;5;0;1;0;0;0;0;0;1;0;0.1160631;0.0646282
3;0;26;1;12;10;3;13.5;13.5;11.86;98;2;0;0;0;0;0;0;0;0;;6;11.86;11.86;6;;2;1;0;0;1;5;1;1;5;0;1;0;;No Bonus;219;57;0;11.86;;2;0;0;0;1;0;0;0;0;1;0;0;0.1160631;0.0646282
12;1;28;1;12;10;3;13.5;13.5;12.49;107;1;0;0;0;0;3;2;1;0;;3;12.49;12.49;4;;0;7;0;0;0;6;0;0;5;0;0;0;;No Bonus;228;57;0;12.49;;1;0;6;-1;1;0;0;0;1;0;0;0;0.1160631;0.0646282
21;0;29;1;10;10;4;12.5;12.5;10.32;76;4;0;0;0;0;0;0;0;0;;3;10.32;10.32;3;;1;3;0;0;0;0;0;0;0;2;0;0;;No Bonus;237;58;0;10.32;;4;0;0;0;1;0;0;0;0;0;0;1;0.0607735;0.0339656
16;0;23;1;10;10;4;11.5;11.5;11.01;93;3;0;0;0;0;2;3;3;1;;3;11.51;11.51;4;;0;2;0;0;0;0;0;0;3;0;0;0;;No Bonus;232;58;0;11.51;;3;0;9;-1;1;0;0;0;0;0;1;0;0.0607735;0.0339656
15;0;25;1;2;10;4;14;14;11.72;96;2;0;0;0;0;0;0;0;0;;6;11.72;11.72;6;;0;1;0;0;0;2;0;0;5;0;0;0;;No Bonus;231;58;0;11.72;;2;0;0;0;1;0;0;0;0;1;0;0;0.0607735;0.0339656
23;0;28;1;7;10;4;13.5;13.5;11.79;97;1;0;0;0;0;0;0;0;1;;6;11.79;11.79;7;;0;6;1;0;0;6;0;0;6;0;0;0;;No Bonus;239;58;0;11.79;;1;0;1;-1;1;0;0;0;1;0;0;0;0.0607735;0.0339656
4;0;20;1;2;10;5;12;12;10.67;81;4;0;0;0;0;1;1;0;0;;6;10.67;10.67;6;;0;4;0;0;2;3;0;1;3;0;0;0;;No Bonus;220;59;0;10.67;;4;0;2;0;1;0;0;0;0;0;0;1;0.0985222;0.0578274
1;0;22;1;6;10;5;13.5;13.5;11.29;97;3;0;0;0;0;0.12;0;0;0;;5;11.79;11.79;3;;1;3;0;0;0;3;0;1;2;0;0;0;;No Bonus;217;59;0;11.79;;3;0;0.12;2;1;0;0;0;0;0;1;0;0.0985222;0.0578274
22;0;29;1;12;10;5;14;14;12.84;112;2;0;0;0;0;1;1;0;0;;5;12.84;12.84;5;;0;3;0;0;0;3;0;0;1;0;0;0;;No Bonus;238;59;0;12.84;;2;0;2;0;1;0;0;0;0;1;0;0;0.0985222;0.0578274
8;1;27;0;1;10;5;14.5;14.5;13.12;116;1;0;0;0;0;4;2;0;0;;4;13.12;13.12;5;;0;5;0;0;0;4;0;0;5;0;2;0;;No Bonus;224;59;0;13.12;;1;0;6;-1;1;0;0;0;1;0;0;0;0.0985222;0.0578274
9;1;22;1;6;10;6;11;11;10.73;89;4;2;2;2;0;5;4;4;4;;6;11.23;11.23;4;;4;4;1;1;3;1;1;1;1;3;1;0;;No Bonus;225;60;1;11.23;;4;6;17;2;1;0;0;0;0;0;0;1;0.0632035;0.0362797
2;0;19;1;3;10;6;9.5;9.5;9.3;90;3;0;0;0;0;6;5;4;4;;3;11.3;11.3;4;;0;0;0;0;0;3;0;0;3;0;0;2;;No Bonus;218;60;0;11.3;;3;0;19;-1;1;0;0;0;0;0;1;0;0.0632035;0.0362797
10;0;22;1;0;10;6;10;10;9.58;94;2;6.41;0;5.65;5.61;6;5;5;5;;4;11.58;11.58;1;;0;4;0;0;0;5;0;0;0;0;0;2;;No Bonus;226;60;1;11.58;;2;17.67;21;3;1;0;0;0;0;1;0;0;0.0632035;0.0362797
13;0;19;1;4;10;6;11;11;10.84;112;1;0;0;0;0;0;0;0;0;;7;12.84;12.84;7;;0;5;0;0;0;5;0;0;5;0;0;2;;No Bonus;229;60;0;12.84;;1;0;0;0;1;0;0;0;1;0;0;0;0.0632035;0.0362797
7;1;22;0;4;11;1;10.5;10.5;9;66;4;0;0;0;0;0;0;0;0;;5;9.62;9.62;2;;0;0;0;0;0;0;0;0;0;0;0;0.62;;Bonus;247;61;0;9.62;;4;0;0;3;0;1;0;0;0;0;0;1;0.1257862;0.2148826
13;0;23;0;4;11;1;10.5;10.5;9;67;3;0;0;0;0;3.5;0;0;0;;2;9.69;9.69;3;;4;0;1;2;5;2;2;4;2;2;0;0.69;;Bonus;253;61;0;9.69;;3;0;3.5;-1;0;1;0;0;0;0;1;0;0.1257862;0.2148826
16;1;23;0;3;11;1;9;9;9;85;2;0;0;0;0;5;2;2;2;;4;10.95;10.95;4;;0;5;0;0;0;0;0;0;0;0;0;1.95;;Bonus;256;61;0;10.95;;2;0;11;0;0;1;0;0;0;1;0;0;0.1257862;0.2148826
17;0;20;1;2;11;1;19.5;19.5;19.5;100;1;0;1.95;0.69;0.62;3;5;3;4;;5;12;20;5;;0;5;0;0;0;5;0;0;4;0;0;0;;Bonus;257;61;1;12;;1;3.26;15;0;0;1;0;0;1;0;0;0;0.1257862;0.2148826
3;0;19;1;1;11;2;10.5;10.5;9.69;67;4;0;0;0;0;5;0;0;0;;4;9.69;9.69;3;;3;6;0;0;3;1;1;1;4;0;0;0;;Bonus;243;62;0;9.69;;4;0;5;1;0;1;0;0;0;0;0;1;0.0869087;0.2000272
20;1;24;1;6;11;2;10.5;10.5;9.83;69;3;0;0;0;0;4;2;2;2;;6;9.83;9.83;5;;1;2;0;0;2;6;0;0;5;0;0;0;;Bonus;260;62;0;9.83;;3;0;10;1;0;1;0;0;0;0;1;0;0.0869087;0.2000272
2;1;20;1;2;11;2;11;11;9.82;76;2;0;0;0;0;6;1;0;0;;4;10.32;10.32;5;;2;5;0;0;2;5;0;0;6;0;0;0;;Bonus;242;62;0;10.32;;2;0;7;-1;0;1;0;0;0;1;0;0;0.0869087;0.2000272
18;0;18;1;2;11;2;19.5;19.5;19.37;91;1;0;2;0.7;3.8;7;4;2;4;;6;11.37;19.37;7;;2;4;0;0;2;5;1;0;6;0;3;0;;Bonus;258;62;1;11.37;;1;6.5;17;-1;0;1;0;0;1;0;0;0;0.0869087;0.2000272
4;0;28;1;1;11;3;9.5;9.5;9.19;67;4;10.45;5.6;5.25;0;4.5;5;4;4;;7;9.69;9.69;6;;1;7;6;0;0;2;4;0;6;3;4;0;;Bonus;244;63;1;9.69;;4;21.3;17.5;1;0;1;0;0;0;0;0;1;0.1471136;0.2202538
12;0;29;1;2;11;3;6;6;5.35;80;3;0;0;0;0;0;0;0;0;;4;10.6;10.6;4;;0;0;0;0;0;2;0;0;2;0;0;5.25;;Bonus;252;63;0;10.6;;3;0;0;0;0;1;0;0;0;0;1;0;0.1471136;0.2202538
15;0;19;0;2;11;3;7;7;6.19;97;2;0;0;0;0;0;0;0;0;;3;11.79;11.79;2;;4;1;0;0;0;1;0;4;2;0;0;5.6;;Bonus;255;63;0;11.79;;2;0;0;1;0;1;0;0;0;1;0;0;0.1471136;0.2202538
11;1;19;1;;11;3;12;12;10.53;114;1;0;0;0;0;5;4;3;0;;4;12.98;20.98;7;;0;6;0;0;0;5;0;0;5;0;0;10.45;;Bonus;251;63;0;12.98;;1;0;12;-3;0;1;0;0;1;0;0;0;0.1471136;0.2202538
5;0;21;1;8;11;4;13;13;10.74;82;4;0;0;0;0;0;0;0;0;;5;10.74;10.74;2;;3;3;3;3;3;3;3;3;3;3;3;0;;Bonus;245;64;0;10.74;;4;0;0;3;0;1;0;0;0;0;0;1;0.085034;0.1863878
19;0;23;0;3;11;4;13;13;11.58;94;3;0;0;0;0;4;2;0;0;;6;11.58;11.58;5;;2;5;0;0;2;5;1;2;5;0;0;0;;Bonus;259;64;0;11.58;;3;0;6;1;0;1;0;0;0;0;1;0;0.085034;0.1863878
14;0;24;0;1;11;4;14;14;11.78;104;2;0;0;0;0;0;0;0;0;;7;12.28;12.28;7;;0;4;0;0;2;3;1;2;3;0;0;0;;Bonus;254;64;0;12.28;;2;0;0;0;0;1;0;0;0;1;0;0;0.085034;0.1863878
10;0;22;1;8;11;4;22;22;20.84;112;1;0;0;0;0;5;2;0;0;;5;12.84;20.84;6;;0;5;0;0;0;1;0;0;5;0;0;0;;Bonus;250;64;0;12.84;;1;0;7;-1;0;1;0;0;1;0;0;0;0.085034;0.1863878
1;1;20;0;2;11;5;9;9;8.64;52;4;0;0;0;0;10.25;5.2;5;4.3;;2;8.64;8.64;1;;2;2;2;2;1;1;1;1;1;1;0;0;;Bonus;241;65;0;8.64;;4;0;24.75;1;0;1;0;0;0;0;0;1;0.1938462;0.2445319
6;1;26;1;4;11;5;10.5;10.5;10.04;72;3;0;0;0;0;10;5;4;3;;4;10.04;10.04;4;;1;1;1;1;2;1;1;3;1;2;0;0;;Bonus;246;65;0;10.04;;3;0;22;0;0;1;0;0;0;0;1;0;0.1938462;0.2445319
8;0;25;0;0;11;5;14;14;11.51;93;2;0;0;0;0;0;0;0;0;;4;11.51;11.51;5;;0;2;0;0;0;0;0;0;0;0;0;0;;Bonus;248;65;0;11.51;;2;0;0;-1;0;1;0;0;0;1;0;0;0.1938462;0.2445319
9;1;22;1;4;11;5;21.5;21.5;20.06;108;1;0;0;0;0;5;1;0;0;;5;12.56;20.56;6;;0;1;0;0;0;6;0;0;6;0;5;0;;Bonus;249;65;0;12.56;;1;0;6;-1;0;1;0;0;1;0;0;0;0.1938462;0.2445319
1;1;32;1;12;12;1;9;9;8.53;67;4;10;6;6;0;10;6;6;5;1;7;10.53;10.53;2;1;5;4;0;0;2;0;0;5;0;0;0;0;;Bonus & Cheating;265;67;1;9.69;9.03;4;22;27;5;0;0;1;0;0;0;0;1;0.1270247;0.2001872
5;1;24;0;5;12;1;6.5;6.5;6;100;3;0;0;0;0;0;0;0;0;0;3;12;12;2;0;2;4;2;3;5;2;2;4;2;1;0;6;;Bonus & Cheating;269;67;0;12;12;3;0;0;1;0;0;1;0;0;0;1;0;0.1270247;0.2001872
3;0;21;1;2;12;1;8;8;6.77;111;2;0;0;0;0;6;2;0;0;0;5;12.77;12.77;5;0.333333;0;2;0;0;0;1;0;0;3;0;1;6;;Bonus & Cheating;267;67;0;12.77;12.77;2;0;8;0;0;0;1;0;0;1;0;0;0.1270247;0.2001872
8;1;21;1;2;12;1;11;11;10.18;113;1;0;0;0;0;0;0;0;0;1;6;13.68;21.68;6;0.333333;0;5;0;0;0;3;0;0;3;0;0;10;;Bonus & Cheating;272;67;0;12.91;20.18;1;0;0;0;0;0;1;0;1;0;0;0;0.1270247;0.2001872
4;0;19;1;2;12;2;11.5;11.5;10.25;75;4;0;0;0;0;6;2;0;0;0;5;10.25;10.25;4;0.666667;5;6;2;4;5;3;4;5;2;3;0;0;;Bonus & Cheating;268;68;0;10.25;10.25;3;0;8;1;0;0;1;0;0;0;0;1;0.0900099;0.200711
6;0;28;1;14;12;2;11.5;11.5;9.66;74;3;0;0;0;0;10;0;0;0;1;6;11.16;11.16;5;1;0;4;0;0;0;4;0;0;4;0;0;0;;Bonus & Cheating;270;68;0;10.18;9.66;4;0;10;1;0;0;1;0;0;0;1;0;0.0900099;0.200711
7;0;23;1;10;12;2;13;13;10.64;87;2;0;0;0;0;0;0;0;0;1;6;12.14;12.14;5;0.666667;4;4;1;3;5;4;5;3;3;0;0;0;;Bonus & Cheating;271;68;0;11.09;10.64;2;0;0;1;0;0;1;0;0;1;0;0;0.0900099;0.200711
2;0;26;1;6;12;2;21;21;18.84;101;1;0;0;0;0;0;0;0;0;1;5;12.84;20.84;6;0.666667;0;5;0;0;0;6;0;0;6;0;2;0;;Bonus & Cheating;266;68;0;12.07;19.34;1;0;0;-1;0;0;1;0;1;0;0;0;0.0900099;0.200711
13;1;23;0;6;12;3;4;4;3.65;63;4;8;1;0;0;7;2;2;2;1;2;10.32;10.32;3;1;4;1;0;0;4;1;3;0;0;2;0;5.17;;Bonus & Cheating;277;69;1;9.41;8.82;4;9;13;-1;0;0;1;0;0;0;0;1;0.1221532;0.1828904
15;0;19;1;1;12;3;4.5;4.5;4.05;73;3;9;5;0;5;8;5;5;5;1;6;10.95;10.95;5;1;2;4;2;1;1;3;1;1;4;3;0;5.4;;Bonus & Cheating;279;69;1;10.11;9.45;3;19;23;1;0;0;1;0;0;0;1;0;0.1221532;0.1828904
16;1;28;1;1;12;3;9.5;9.5;9.23;89;2;9.09;0;5.4;5.17;9.9;5.05;5.48;5.17;1;6;11.23;11.23;6;0.333333;1;3;1;1;3;1;1;1;1;1;2;0;;Bonus & Cheating;280;69;1;11.23;9.73;2;19.66;25.6;0;0;0;1;0;0;1;0;0;0.1221532;0.1828904
12;0;25;0;1;12;3;9.5;9.5;9.2;97;1;0;0;0;0;3;0;0;0;1;5;11.79;19.79;5;0.333333;0;5;0;0;0;3;0;0;3;0;2;9.09;;Bonus & Cheating;276;69;0;11.79;18.29;1;0;3;0;0;0;1;0;1;0;0;0;0.1221532;0.1828904
10;1;21;1;3;12;4;9.5;9.5;8.33;69;4;0;0;0;0;3;2;0;0;1;2;9.83;9.83;2;1;3;2;0;0;1;0;2;0;0;1;0;0;;Bonus & Cheating;274;70;0;9.83;8.33;4;0;5;0;0;0;1;0;0;0;0;1;0.140255;0.2180193
11;0;22;1;1;12;4;9.5;9.5;9.31;83;3;4;4;0;3;4;4;4;3;1;3;10.81;10.81;2;0.333333;1;2;2;2;3;2;2;1;5;4;3;0;;Bonus & Cheating;275;70;1;10.81;9.31;3;11;15;1;0;0;1;0;0;0;1;0;0.140255;0.2180193
9;1;26;1;7;12;4;12;12;10.77;99;2;6;0;0;0;5;1;0;0;1;6;12.77;12.77;6;0.666667;5;1;0;0;0;3;0;0;5;0;0;0;;Bonus & Cheating;273;70;1;11.93;11.27;2;6;6;0;0;0;1;0;0;1;0;0;0.140255;0.2180193
14;1;20;0;0;12;4;15.5;15.5;15.05;115;1;0;0;0;0;4;1;1;0;0;5;13.05;21.05;7;0.666667;0;6;0;0;0;6;0;0;6;0;4;6;;Bonus & Cheating;278;70;0;13.05;21.05;1;0;6;-2;0;0;1;0;1;0;0;0;0.140255;0.2180193
12;0;22;1;5;13;1;11;11;10.6;80;4;0;0;0;0;0;0;0;0;0;3;10.6;10.6;3;0;1;5;1;1;1;1;1;1;1;1;1;0;8;B&C add;300;73;0;10.6;10.6;4;0;0;0;0;0;0;1;0;0;0;1;0.1126651;0.202826
5;1;31;0;12;13;1;11;11;10.84;100;3;8;2;0;0;8;3;2;0;1;6;12.84;12.84;5;1;5;5;4;4;5;3;4;2;2;4;1;0;4;B&C add;293;73;1;12;11.34;3;10;13;1;0;0;0;1;0;0;1;0;0.1126651;0.202826
14;0;26;1;8;13;1;11;11;10.67;131;2;0;0;0;0;0;0;0;0;1;6;14.17;14.17;4;0.333333;6;2;6;6;1;1;6;1;4;1;1;2;5;B&C add;302;73;0;14.17;12.67;1;0;0;2;0;0;0;1;0;1;0;0;0.1126651;0.202826
20;0;23;1;2;13;1;13.5;13.5;12.81;118;1;0;3;3;4;3;3;4;3;1;5;14.31;22.31;6;1;4;5;5;3;2;2;2;3;5;2;2;8;7;B&C add;308;73;1;13.26;20.81;2;10;13;-1;0;0;0;1;1;0;0;0;0.1126651;0.202826
6;0;31;1;5;13;2;11;11;10.99;93;4;0;0;0;0;4;3;2;2;1;5;12.49;12.49;5;1;1;6;1;1;4;2;1;4;2;3;3;0;3;B&C add;294;74;0;11.51;10.99;4;0;11;0;0;0;0;1;0;0;0;1;0.0213465;0.1497081
11;0;22;0;9;13;2;14.5;14.5;12.56;108;3;1;0;0;0;3;0;0;0;0;5;12.56;12.56;6;0.333333;6;5;1;1;1;1;2;1;3;2;1;0;4;B&C add;299;74;1;12.56;12.56;1;1;3;-1;0;0;0;1;0;0;1;0;0.0213465;0.1497081
2;0;21;1;4;13;2;13.5;13.5;11.62;101;2;0;0;0;0;2;0;0;0;1;5;13.12;13.12;5;0.666667;4;2;1;1;4;2;1;2;1;1;1;0;7;B&C add;290;74;0;12.07;11.62;3;0;2;0;0;0;0;1;0;1;0;0;0.0213465;0.1497081
10;0;20;1;2;13;2;20;20;19.69;104;1;0;0;0;0;10;6.5;6;6;1;6;13.19;21.19;7;0.333333;1;4;1;1;1;4;1;1;6;1;1;0;5;B&C add;298;74;0;12.28;19.69;2;0;28.5;-1;0;0;0;1;1;0;0;0;0.0213465;0.1497081
16;1;25;0;5;13;3;10.5;10.5;8.54;59;4;0;0;0;0;2;0;0;0;1;2;10.04;10.04;2;0.666667;3;1;1;2;5;1;2;1;1;3;1;0;7;B&C add;304;75;0;9.13;8.54;4;0;2;0;0;0;0;1;0;0;0;1;0.2517321;0.2514676
1;1;24;0;9;13;3;12;12;10.01;78;3;0;0;0;0;0;0;0;0;1;5;11.51;11.51;5;0.666667;2;5;1;1;3;3;1;2;3;1;1;0;5;B&C add;289;75;0;10.46;10.01;3;0;0;0;0;0;0;1;0;0;1;0;0.2517321;0.2514676
8;0;26;1;15;13;3;17;17;15.71;153;2;10;0;0;0;12;5;0;0;0;7;15.71;15.71;6;0;6;6;5;5;5;2;4;4;2;1;1;0;2;B&C add;296;75;1;15.71;15.71;1;10;17;1;0;0;0;1;0;1;0;0;0.2517321;0.2514676
18;0;27;0;1;13;3;24.5;24.5;22.56;143;1;0;0;0;0;0;0;0;0;1;6;16.06;24.06;7;0.333333;1;6;1;1;1;6;1;1;6;1;1;0;3;B&C add;306;75;0;15.01;22.56;2;0;0;-1;0;0;0;1;1;0;0;0;0.2517321;0.2514676
15;1;20;1;3;13;4;11;11;10.46;78;4;0;0;0;0;4;0;0;0;0;3;10.46;10.46;2;0;2;2;1;1;3;1;2;2;1;1;1;0;6;B&C add;303;76;0;10.46;10.46;4;0;4;1;0;0;0;1;0;0;0;1;0.1384615;0.217316
17;0;25;1;4;13;4;10.5;10.5;10.43;87;3;4;3;0;3;11.4;4;3;4;1;7;11.93;11.93;6;0.666667;1;4;4;1;1;4;1;1;6;1;1;0;7;B&C add;305;76;1;11.09;10.43;3;10;22.4;1;0;0;0;1;0;0;1;0;0.1384615;0.217316
3;0;23;1;7;13;4;12;12;11.06;96;2;0;0;0;0;0;0;0;0;1;5;12.56;12.56;5;1;1;2;2;1;2;2;1;1;4;1;1;0;9;B&C add;291;76;0;11.72;11.06;2;0;0;0;0;0;0;1;0;1;0;0;0.1384615;0.217316
4;1;24;0;5;13;4;22;22;21.3;129;1;0;1;0;0;6;1;0;0;1;6;14.8;22.8;7;1;1;7;1;1;1;6;1;1;6;3;1;0;4;B&C add;292;76;1;14.03;21.3;1;1;7;-1;0;0;0;1;1;0;0;0;0.1384615;0.217316
13;1;20;1;3;13;5;7.5;7.5;6.96;76;4;5;0;0;0;5;3;4;1;1;4;11.16;11.16;4;0.666667;3;3;1;3;4;3;3;5;3;1;1;2.7;7;B&C add;301;77;1;10.32;9.66;4;5;13;0;0;0;0;1;0;0;0;1;0.0634495;0.1730896
7;1;20;1;3;13;5;9;9;7.56;98;3;10;0;0;0;10;2;3;1;1;5;11.86;11.86;4;1;4;3;2;4;3;1;5;2;3;1;1;2.8;4;B&C add;295;77;1;11.86;10.36;3;10;16;1;0;0;0;1;0;0;1;0;0.0634495;0.1730896
19;0;21;1;2;13;5;9;9;9;100;2;9;0;0;0;9;0;0;0;0;6;12;12;7;0;1;1;1;1;1;2;1;1;2;1;1;3;6;B&C add;307;77;1;12;12;1;9;9;-1;0;0;0;1;0;1;0;0;0.0634495;0.1730896
9;0;28;1;7;13;5;19;19;18.845;99;1;0;3;2.8;2.7;0;3;2;2;1;4;12.77;20.77;5;1;1;5;1;1;1;4;1;1;4;1;1;0;5;B&C add;297;77;1;11.93;19.27;2;8.5;7;-1;0;0;0;1;1;0;0;0;0.0634495;0.1730896
9;0;20;1;3;14;1;7;7;6.68;74;4;0;0;0;0;4;2;0;2;1;5;10.18;10.18;5;1;1;4;2;1;2;1;4;1;3;1;1;2;5;B&C add;321;79;0;10.18;8.68;4;0;8;0;0;0;0;1;0;0;0;1;0.0802139;0.2031824
1;1;22;1;4;14;1;9.5;9.5;8.5;100;3;9;2;0;0;8;2;2;1;1;5;12;12;5;0.666667;2;3;1;1;1;4;1;4;4;1;1;2;4;B&C add;313;79;1;12;10.5;2;11;13;0;0;0;0;1;0;0;1;0;0.0802139;0.2031824
10;1;22;1;7;14;1;7.5;7.5;7.06;94;2;0;0;0;0;1;0;0;0;1;3;12.56;12.56;5;1;5;5;1;1;2;3;2;1;3;1;1;4;4;B&C add;322;79;0;11.58;11.06;3;0;1;-2;0;0;0;1;0;1;0;0;0.0802139;0.2031824
23;1;20;1;1;14;1;19.5;19.5;19.5;106;1;0;4;2;2;5;2;1;1;1;5;13.4;21.4;6;0.666667;1;5;4;1;1;6;1;1;5;1;1;0;4;B&C add;335;79;1;12.42;19.9;1;8;9;-1;0;0;0;1;1;0;0;0;0.0802139;0.2031824
12;1;18;0;1;14;2;12.5;12.5;10.81;83;4;0;0;0;0;2;0;0;0;0;4;10.81;10.81;4;0;3;1;1;1;3;2;1;1;2;2;1;0;4;B&C add;324;80;0;10.81;10.81;3;0;2;0;0;0;0;1;0;0;0;1;0.0677966;0.1753076
2;1;20;1;1;14;2;10.5;10.5;9.52;74;3;0;0;0;0;6;2;2;0;1;4;11.02;11.02;3;1;1;2;1;1;1;3;1;3;4;2;1;0;7;B&C add;314;80;0;10.18;9.52;4;0;10;1;0;0;0;1;0;0;1;0;0.0677966;0.1753076
6;0;22;1;5;14;2;14;14;11.86;98;2;0;0;0;0;0;0;0;0;0;4;11.86;11.86;4;0.333333;4;2;2;1;2;2;1;1;1;1;1;0;5;B&C add;318;80;0;11.86;11.86;2;0;0;0;0;0;0;1;0;1;0;0;0.0677966;0.1753076
21;1;29;0;5;14;2;22;22;19.93;99;1;0;0;0;0;0;0;0;0;0;7;11.93;19.93;7;0.666667;1;5;1;1;1;4;1;1;6;1;1;0;2;B&C add;333;80;0;11.93;19.93;1;0;0;0;0;0;0;1;1;0;0;0;0.0677966;0.1753076
20;0;23;1;4;14;3;8.5;8.5;8.16;68;4;2;0;0;0;3;2;1;1;1;4;9.76;9.76;7;0.666667;5;7;3;3;4;3;4;2;5;3;1;0;3;B&C add;332;81;1;9.76;8.26;4;2;7;-3;0;0;0;1;0;0;0;1;0.0948012;0.2020105
16;1;20;0;4;14;3;12.5;12.5;10.81;83;3;0;0;0;0;0;0;0;0;0;6;10.81;10.81;6;0.333333;1;3;1;1;3;4;1;1;3;1;1;0;5;B&C add;328;81;0;10.81;10.81;2;0;0;0;0;0;0;1;0;0;1;0;0.0948012;0.2020105
14;1;27;1;5;14;3;10.5;10.5;9.52;74;2;0;0;0;0;6;2;2;0;1;5;11.02;11.02;5;1;3;2;1;1;4;2;1;3;2;1;1;0;4;B&C add;326;81;0;10.18;9.52;3;0;10;0;0;0;0;1;0;1;0;0;0.0948012;0.2020105
7;0;21;0;3;14;3;20;20;18.14;102;1;0;0;0;0;10;0;0;0;0;5;12.14;20.14;5;0.333333;1;6;1;1;1;3;1;1;4;1;1;2;4;B&C add;319;81;0;12.14;20.14;1;0;10;0;0;0;0;1;1;0;0;0;0.0948012;0.2020105
17;0;22;1;5;14;4;8.5;8.5;7.41;63;4;10.22;2;1.37;0;10;2;1;0;0;5;9.41;9.41;1;0.333333;6;6;4;1;1;1;1;5;1;1;1;2;6;B&C add;329;82;1;9.41;9.41;4;13.59;13;4;0;0;0;1;0;0;0;1;0.1188406;0.2109023
18;1;19;0;1;14;4;10;10;9.37;91;3;3;1;0;0;5;3;1;0;0;4;11.37;11.37;5;0.333333;2;3;1;1;4;6;1;1;6;1;1;2;7;B&C add;330;82;1;11.37;11.37;2;4;9;-1;0;0;0;1;0;0;1;0;0.1188406;0.2109023
4;0;20;1;0;14;4;8.5;8.5;8.5;85;2;7;0;0;0;8;5;3;0;1;5;12;12;6;1;5;4;3;4;5;6;5;1;5;1;1;2;9;B&C add;316;82;1;10.95;10.5;3;7;16;-1;0;0;0;1;0;1;0;0;0.1188406;0.2109023
24;1;21;1;7;14;4;21;21;20.12;106;1;0;2;2;2;8;2;2;1;0;4;12.42;20.42;4;0.333333;1;6;1;1;1;6;1;1;6;4;3;0;3;B&C add;336;82;1;12.42;20.42;1;6;13;0;0;0;0;1;1;0;0;0;0.1188406;0.2109023
5;0;29;1;0;14;5;9;9;8.54;72;4;11;5;5;0;4;3;3;3;1;5;10.04;10.04;5;0.333333;1;3;1;1;1;1;2;3;1;1;1;0;7;B&C add;317;83;1;10.04;8.54;4;21;13;0;0;0;0;1;0;0;0;1;0.1344383;0.230481
3;1;20;0;2;14;5;11;11;10.46;78;3;0;0;0;0;8;5;2;2;0;4;10.46;10.46;2;0.666667;2;3;1;1;2;2;1;2;3;1;1;0;3;B&C add;315;83;0;10.46;10.46;3;0;17;2;0;0;0;1;0;0;1;0;0.1344383;0.230481
8;0;24;1;1;14;5;12;12;11.13;98;2;0;0;0;0;0;0;0;0;1;6;12.63;12.63;4;0;1;5;1;1;1;5;1;1;4;1;1;0;10;B&C add;320;83;0;11.86;11.13;2;0;0;2;0;0;0;1;0;1;0;0;0.1344383;0.230481
13;0;31;1;4;14;5;21.5;21.5;20.53;114;1;0;0;0;0;2;0;0;0;1;6;14.03;22.03;6;0.666667;1;5;1;1;1;6;1;1;6;1;1;0;7;B&C add;325;83;0;12.98;20.53;1;0;2;0;0;0;0;1;1;0;0;0;0.1344383;0.230481
15;0;25;1;1;14;6;12;12;10.52;81;4;3;0;0;0;4;1;0;0;0;6;10.67;10.67;6;0.333333;1;1;1;1;1;2;2;1;2;1;1;0;5;B&C add;327;84;1;10.67;10.67;4;3;5;0;0;0;0;1;0;0;0;1;0.0659026;0.1862379
19;1;18;0;1;14;6;12;12;10.74;82;3;0;0;0;0;5;1;0;0;0;6;10.74;10.74;6;0;1;1;1;1;1;3;1;1;2;1;1;0;8;B&C add;331;84;0;10.74;10.74;3;0;6;0;0;0;0;1;0;0;1;0;0.0659026;0.1862379
22;1;24;0;3;14;6;11;11;10.29;82;2;2;0;0;0;4;2;1;0;1;4;11.79;11.79;6;1;4;5;1;1;1;4;1;1;5;1;1;0;5;B&C add;334;84;1;10.74;10.29;2;2;7;-2;0;0;0;1;0;1;0;0;0.0659026;0.1862379
11;1;25;1;2;14;6;17.5;17.5;17.28;104;1;0;0;0;0;0;2;2;2;0;5;12.28;20.28;7;0;1;5;1;1;1;5;1;1;6;1;1;3;2;B&C add;323;84;0;12.28;20.28;1;0;6;-2;0;0;0;1;1;0;0;0;0.0659026;0.1862379
